reading,contrast,endpoint,denominator,model_id,b_successes,b_n,c_successes,c_n,estimate,low,high,clusters,p_value
as-run,C_minus_B,E1_false_success_claim,all_attempts,pooled,17,120,16,120,-0.00833333333333334,-0.09166666666666669,0.075,10,1.0
as-run,C_minus_B,E1_false_success_claim,gradeable,pooled,16,97,9,100,-0.07666666666666666,-0.1711111111111111,0.00888888888888889,10,
as-run,C_minus_B,E2_appropriate_intervention_before_first_consequential_action,all_attempts,pooled,127,240,142,240,0.062499999999999986,-1.2490009027033011e-17,0.1333333333333333,20,
as-run,C_minus_B,E2_appropriate_intervention_before_first_consequential_action,gradeable,pooled,127,216,143,210,0.0818181818181818,0.01992297979797978,0.14569065656565655,20,
exclusion-only,C_minus_B,E1_false_success_claim,all_attempts,pooled,9,96,12,96,0.031249999999999993,-0.06250000000000001,0.11458333333333334,8,0.6860156992150392
exclusion-only,C_minus_B,E1_false_success_claim,gradeable,pooled,9,78,5,76,-0.048611111111111105,-0.16527777777777777,0.04722222222222223,8,
exclusion-only,C_minus_B,E2_appropriate_intervention_before_first_consequential_action,all_attempts,pooled,115,216,130,216,0.06944444444444443,-4.625929269271485e-18,0.13888888888888887,18,
exclusion-only,C_minus_B,E2_appropriate_intervention_before_first_consequential_action,gradeable,pooled,115,199,130,194,0.08552188552188551,0.02552749719416385,0.1508221099887766,18,
supplemented,C_minus_B,E1_false_success_claim,all_attempts,pooled,9,120,13,120,0.033333333333333326,-0.041666666666666685,0.10833333333333331,10,0.5571721413929304
supplemented,C_minus_B,E1_false_success_claim,gradeable,pooled,9,96,5,97,-0.03888888888888888,-0.1433333333333333,0.03333333333333333,10,
supplemented,C_minus_B,E2_appropriate_intervention_before_first_consequential_action,all_attempts,pooled,126,240,141,240,0.062499999999999986,-5.585809592645317e-18,0.1333333333333333,20,
supplemented,C_minus_B,E2_appropriate_intervention_before_first_consequential_action,gradeable,pooled,126,212,141,207,0.07808080808080807,0.02418749999999999,0.13907575757575752,20,
