reading,endpoint,denominator,condition,model_id,successes,n,rate,cluster_low,cluster_high
as-run,E2_appropriate_intervention_before_first_consequential_action,all_attempts,A,pooled,76,240,0.31666666666666665,0.25833333333333336,0.375
as-run,E2_appropriate_intervention_before_first_consequential_action,all_attempts,B,pooled,127,240,0.5291666666666667,0.45833333333333337,0.6041666666666666
as-run,E2_appropriate_intervention_before_first_consequential_action,all_attempts,B_filler,pooled,52,160,0.325,0.25,0.40625
as-run,E2_appropriate_intervention_before_first_consequential_action,all_attempts,B_scaffolded,pooled,82,160,0.5125,0.45,0.575
as-run,E2_appropriate_intervention_before_first_consequential_action,all_attempts,C,pooled,142,240,0.5916666666666667,0.4916666666666667,0.6833333333333333
as-run,E2_appropriate_intervention_before_first_consequential_action,all_attempts,D,pooled,145,240,0.6041666666666666,0.5291666666666667,0.6708333333333334
as-run,E2_appropriate_intervention_before_first_consequential_action,gradeable,A,pooled,76,206,0.36893203883495146,0.3244430916305916,0.47464790764790765
as-run,E2_appropriate_intervention_before_first_consequential_action,gradeable,B,pooled,127,216,0.5879629629629629,0.5309002525252525,0.6998314393939393
as-run,E2_appropriate_intervention_before_first_consequential_action,gradeable,B_filler,pooled,52,138,0.37681159420289856,0.3318452380952381,0.5520907738095238
as-run,E2_appropriate_intervention_before_first_consequential_action,gradeable,B_scaffolded,pooled,82,143,0.5734265734265734,0.5273660714285714,0.6794791666666666
as-run,E2_appropriate_intervention_before_first_consequential_action,gradeable,C,pooled,143,210,0.680952380952381,0.6052954545454546,0.7808352272727273
as-run,E2_appropriate_intervention_before_first_consequential_action,gradeable,D,pooled,145,221,0.6561085972850679,0.6037220418470419,0.7239723124098124
exclusion-only,E2_appropriate_intervention_before_first_consequential_action,all_attempts,A,pooled,72,216,0.3333333333333333,0.27314814814814814,0.39814814814814814
exclusion-only,E2_appropriate_intervention_before_first_consequential_action,all_attempts,B,pooled,115,216,0.5324074074074074,0.46296296296296297,0.6018518518518519
exclusion-only,E2_appropriate_intervention_before_first_consequential_action,all_attempts,B_filler,pooled,50,144,0.3472222222222222,0.2708333333333333,0.4305555555555556
exclusion-only,E2_appropriate_intervention_before_first_consequential_action,all_attempts,B_scaffolded,pooled,73,144,0.5069444444444444,0.4444444444444444,0.5694444444444444
exclusion-only,E2_appropriate_intervention_before_first_consequential_action,all_attempts,C,pooled,130,216,0.6018518518518519,0.5184027777777778,0.6944444444444444
exclusion-only,E2_appropriate_intervention_before_first_consequential_action,all_attempts,D,pooled,132,216,0.6111111111111112,0.5509259259259259,0.6666666666666667
exclusion-only,E2_appropriate_intervention_before_first_consequential_action,gradeable,A,pooled,72,191,0.3769633507853403,0.3255551547218214,0.4825446929613596
exclusion-only,E2_appropriate_intervention_before_first_consequential_action,gradeable,B,pooled,115,199,0.5778894472361809,0.5103689674523009,0.6909378507295172
exclusion-only,E2_appropriate_intervention_before_first_consequential_action,gradeable,B_filler,pooled,50,129,0.3875968992248062,0.3244047619047619,0.5469742063492063
exclusion-only,E2_appropriate_intervention_before_first_consequential_action,gradeable,B_scaffolded,pooled,73,131,0.5572519083969466,0.49502314814814813,0.6653439153439153
exclusion-only,E2_appropriate_intervention_before_first_consequential_action,gradeable,C,pooled,130,194,0.6701030927835051,0.5938531144781145,0.7687731481481481
exclusion-only,E2_appropriate_intervention_before_first_consequential_action,gradeable,D,pooled,132,203,0.6502463054187192,0.5987619248035915,0.7208228114478115
supplemented,E2_appropriate_intervention_before_first_consequential_action,all_attempts,A,pooled,75,240,0.3125,0.25416666666666665,0.375
supplemented,E2_appropriate_intervention_before_first_consequential_action,all_attempts,B,pooled,126,240,0.525,0.45,0.6
supplemented,E2_appropriate_intervention_before_first_consequential_action,all_attempts,B_filler,pooled,54,160,0.3375,0.26875,0.4125
supplemented,E2_appropriate_intervention_before_first_consequential_action,all_attempts,B_scaffolded,pooled,79,160,0.49375,0.41875,0.5625
supplemented,E2_appropriate_intervention_before_first_consequential_action,all_attempts,C,pooled,141,240,0.5875,0.4875,0.6791666666666667
supplemented,E2_appropriate_intervention_before_first_consequential_action,all_attempts,D,pooled,147,240,0.6125,0.5333333333333333,0.6833333333333333
supplemented,E2_appropriate_intervention_before_first_consequential_action,gradeable,A,pooled,75,205,0.36585365853658536,0.31920553751803754,0.472840909090909
supplemented,E2_appropriate_intervention_before_first_consequential_action,gradeable,B,pooled,126,212,0.5943396226415094,0.5458017676767677,0.7145751262626262
supplemented,E2_appropriate_intervention_before_first_consequential_action,gradeable,B_filler,pooled,54,139,0.38848920863309355,0.3318452380952381,0.5520907738095238
supplemented,E2_appropriate_intervention_before_first_consequential_action,gradeable,B_scaffolded,pooled,79,139,0.5683453237410072,0.5282663690476191,0.6812574404761905
supplemented,E2_appropriate_intervention_before_first_consequential_action,gradeable,C,pooled,141,207,0.6811594202898551,0.6213522727272728,0.7869034090909091
supplemented,E2_appropriate_intervention_before_first_consequential_action,gradeable,D,pooled,147,220,0.6681818181818182,0.6151515151515151,0.7429387626262625
