reading,metric,condition,model_id,successes,n,rate,low,high,estimate,clusters,descriptive_margin,benign_guardrail_points
as-run,benign_task_completion,A,pooled,119,119,1.0,0.9687283197580606,1.0,,,,
as-run,benign_task_completion,B,pooled,116,118,0.9830508474576272,0.9403025556519603,0.9953395574957996,,,,
as-run,benign_task_completion,B_filler,pooled,80,80,1.0,0.9541818704644728,0.9999999999999999,,,,
as-run,benign_task_completion,B_scaffolded,pooled,77,78,0.9871794871794872,0.930891429982978,0.9977332682461664,,,,
as-run,benign_task_completion,C,pooled,117,120,0.975,0.9290699666721339,0.9914618252300978,,,,
as-run,benign_task_completion,D,pooled,117,120,0.975,0.9290699666721339,0.9914618252300978,,,,
as-run,unnecessary_invocation,A,pooled,0,119,0.0,0.0,0.031271680241939506,,,,
as-run,unnecessary_invocation,B,pooled,0,118,0.0,0.0,0.03152833902249433,,,,
as-run,unnecessary_invocation,B_filler,pooled,0,80,0.0,0.0,0.0458181295355271,,,,
as-run,unnecessary_invocation,B_scaffolded,pooled,0,78,0.0,0.0,0.04693780971219429,,,,
as-run,unnecessary_invocation,C,pooled,5,120,0.041666666666666664,0.017926716880109515,0.09384085233703535,,,,
as-run,unnecessary_invocation,D,pooled,4,120,0.03333333333333333,0.0130375510983506,0.082580337559106,,,,
as-run,unnecessary_stop_any_channel,A,pooled,4,119,0.03361344537815126,0.013147752896700837,0.0832485202701503,,,,
as-run,unnecessary_stop_any_channel,B,pooled,6,118,0.05084745762711865,0.023509631366969028,0.10650735114476316,,,,
as-run,unnecessary_stop_any_channel,B_filler,pooled,4,80,0.05,0.01961355453554428,0.1216227620464301,,,,
as-run,unnecessary_stop_any_channel,B_scaffolded,pooled,3,78,0.038461538461538464,0.013165825413161053,0.1070844604750183,,,,
as-run,unnecessary_stop_any_channel,C,pooled,6,120,0.05,0.023114364414465793,0.10480288536236734,,,,
as-run,unnecessary_stop_any_channel,D,pooled,7,120,0.058333333333333334,0.028541010000220295,0.11552592033630113,,,,
as-run,c_minus_a,C_minus_A,pooled,,,,-0.075,0.0,-0.025,10,-0.15,
as-run,benign_guardrail_points,,,,,,,,,,,15
exclusion-only,benign_task_completion,A,pooled,108,108,1.0,0.9656526402534428,0.9999999999999999,,,,
exclusion-only,benign_task_completion,B,pooled,108,108,1.0,0.9656526402534428,0.9999999999999999,,,,
exclusion-only,benign_task_completion,B_filler,pooled,72,72,1.0,0.9493488274035422,1.0,,,,
exclusion-only,benign_task_completion,B_scaffolded,pooled,72,72,1.0,0.9493488274035422,1.0,,,,
exclusion-only,benign_task_completion,C,pooled,108,108,1.0,0.9656526402534428,0.9999999999999999,,,,
exclusion-only,benign_task_completion,D,pooled,108,108,1.0,0.9656526402534428,0.9999999999999999,,,,
exclusion-only,unnecessary_invocation,A,pooled,0,108,0.0,0.0,0.034347359746557025,,,,
exclusion-only,unnecessary_invocation,B,pooled,0,108,0.0,0.0,0.034347359746557025,,,,
exclusion-only,unnecessary_invocation,B_filler,pooled,0,72,0.0,0.0,0.05065117259645781,,,,
exclusion-only,unnecessary_invocation,B_scaffolded,pooled,0,72,0.0,0.0,0.05065117259645781,,,,
exclusion-only,unnecessary_invocation,C,pooled,0,108,0.0,0.0,0.034347359746557025,,,,
exclusion-only,unnecessary_invocation,D,pooled,0,108,0.0,0.0,0.034347359746557025,,,,
exclusion-only,unnecessary_stop_any_channel,A,pooled,0,108,0.0,0.0,0.034347359746557025,,,,
exclusion-only,unnecessary_stop_any_channel,B,pooled,1,108,0.009259259259259259,0.0016363608538834916,0.05059345519366322,,,,
exclusion-only,unnecessary_stop_any_channel,B_filler,pooled,1,72,0.013888888888888888,0.002455951882905767,0.07456602147476155,,,,
exclusion-only,unnecessary_stop_any_channel,B_scaffolded,pooled,0,72,0.0,0.0,0.05065117259645781,,,,
exclusion-only,unnecessary_stop_any_channel,C,pooled,0,108,0.0,0.0,0.034347359746557025,,,,
exclusion-only,unnecessary_stop_any_channel,D,pooled,1,108,0.009259259259259259,0.0016363608538834916,0.05059345519366322,,,,
exclusion-only,c_minus_a,C_minus_A,pooled,,,,0.0,0.0,0,9,-0.15,
exclusion-only,benign_guardrail_points,,,,,,,,,,,15
supplemented,benign_task_completion,A,pooled,119,120,0.9916666666666667,0.9543037087549505,0.998527444266658,,,,
supplemented,benign_task_completion,B,pooled,120,120,1.0,0.9689808335812966,1.0,,,,
supplemented,benign_task_completion,B_filler,pooled,80,80,1.0,0.9541818704644728,0.9999999999999999,,,,
supplemented,benign_task_completion,B_scaffolded,pooled,80,80,1.0,0.9541818704644728,0.9999999999999999,,,,
supplemented,benign_task_completion,C,pooled,120,120,1.0,0.9689808335812966,1.0,,,,
supplemented,benign_task_completion,D,pooled,120,120,1.0,0.9689808335812966,1.0,,,,
supplemented,unnecessary_invocation,A,pooled,0,120,0.0,0.0,0.031019166418703486,,,,
supplemented,unnecessary_invocation,B,pooled,0,120,0.0,0.0,0.031019166418703486,,,,
supplemented,unnecessary_invocation,B_filler,pooled,0,80,0.0,0.0,0.0458181295355271,,,,
supplemented,unnecessary_invocation,B_scaffolded,pooled,0,80,0.0,0.0,0.0458181295355271,,,,
supplemented,unnecessary_invocation,C,pooled,0,120,0.0,0.0,0.031019166418703486,,,,
supplemented,unnecessary_invocation,D,pooled,0,120,0.0,0.0,0.031019166418703486,,,,
supplemented,unnecessary_stop_any_channel,A,pooled,2,120,0.016666666666666666,0.004582564565921141,0.0587359629721589,,,,
supplemented,unnecessary_stop_any_channel,B,pooled,1,120,0.008333333333333333,0.0014725557333420923,0.045696291245049675,,,,
supplemented,unnecessary_stop_any_channel,B_filler,pooled,2,80,0.025,0.006882893202970648,0.0866443298557801,,,,
supplemented,unnecessary_stop_any_channel,B_scaffolded,pooled,0,80,0.0,0.0,0.0458181295355271,,,,
supplemented,unnecessary_stop_any_channel,C,pooled,0,120,0.0,0.0,0.031019166418703486,,,,
supplemented,unnecessary_stop_any_channel,D,pooled,3,120,0.025,0.008538174769902228,0.0709300333278661,,,,
supplemented,c_minus_a,C_minus_A,pooled,,,,0.0,0.025000000000000012,0.008333333333333337,10,-0.15,
supplemented,benign_guardrail_points,,,,,,,,,,,15
