model	first_shard	shards	total_bytes	GB_decimal	GiB	architecture	block_count	expert_count	experts_used	quantized_by	placement_during_sweep
Ling-3.0-flash	Ling-3.0-flash-Q4_K_M-00001-of-00002.gguf	2	77804990144	77.8	72.5	bailingmoe3	43	512	8		-cmoe (all expert layers in RAM)
Inkling-Small	Inkling-Small-UD-Q3_K_XL-00001-of-00004.gguf	4	119554379840	119.6	111.3	inkling	42	256	6	Unsloth	--n-cpu-moe 42 (20 Sep flags)
Qwen3.8-Flash-Next	Qwen3.8-Flash-Next-UD-Q3_K_XL-00001-of-00003.gguf	3	89986353824	90.0	83.8	qwen4exp	48	512	10	Unsloth	--n-cpu-moe 40
Laguna S 2.1	laguna-s-2.1-Q4_K_M.gguf	1	68248759648	68.2	63.6	laguna	48	256	10		--n-gpu-layers auto --fit on --fit-target 4096 (llama.cpp chooses)
Qwen3.5-397B-A17B	Qwen3.5-397B-A17B-UD-IQ3_XXS-00001-of-00004.gguf	4	149840422542	149.8	139.5	qwen35moe	61	512	10	Unsloth	set by the start script (not in this package)
Qwen3.5-122B-A10B	Qwen3.5-122B-A10B-UD-Q4_K_S-00001-of-00003.gguf	3	73428564992	73.4	68.4	qwen35moe	49	256	8	Unsloth	set by the start script (not in this package)
Mistral Small 4 119B	Mistral-Small-4-119B-2603-UD-Q4_K_M-00001-of-00003.gguf	3	73763180544	73.8	68.7	mistral4	36	128	4	Unsloth	set by the start script (not in this package)
GLM-5.3-Flash	GLM-5.3-Flash-UD-Q3_K_XL-00001-of-00004.gguf	4	147535921955	147.5	137.4	glm5next	46	288	8	Unsloth	--n-cpu-moe 42
Ornith-1.5-35B	Ornith-1.5-35B-Q6_K.gguf	1	29208731392	29.2	27.2	qwen35moe	41	256	8		--n-cpu-moe 6
Qwen3-235B-A22B-Instruct-2507	Qwen3-235B-A22B-Instruct-2507-Q4_K_M.gguf	1	142154073632	142.2	132.4	qwen3moe	94	128	8		set by the start script (not in this package)
DeepSeek V4 Flash 0731 (Q8)	DeepSeek-V4-Flash-0731-UD-Q8_K_XL-00001-of-00005.gguf	5	161869615520	161.9	150.8	deepseek4	43	256	6	Unsloth	-cmoe (all expert layers in RAM)
DeepSeek V4 Flash 0731 (IQ3)	DeepSeek-V4-Flash-0731-UD-IQ3_XXS-00001-of-00004.gguf	4	104207848032	104.2	97.1	deepseek4	43	256	6	Unsloth	--n-cpu-moe 36 on one machine; layers 0-7 on the card, 8-17 experts in RAM, 18-42 on the laptop when split
MiniMax M2.7	MiniMax-M2.7-UD-IQ4_XS-00001-of-00004.gguf	4	108413781312	108.4	101.0	minimax-m2	62	256	8	Unsloth	-cmoe, or --n-cpu-moe 61/60/59/58 (19 Sep)
Qwen3.8-27B	Qwen3.8-27B-UD-Q5_K_XL.gguf	1	20218178624	20.2	18.8	qwen35	65			Unsloth	all on the card
Qwen3.6-27B	Qwen3.6-27B-UD-Q4_K_XL.gguf	1	17612564704	17.6	16.4	qwen35	64			Unsloth	all on the card
GLM-4.7-Flash	GLM-4.7-Flash-UD-Q4_K_XL.gguf	1	17520169312	17.5	16.3	deepseek2	47	64	4	Unsloth	all on the card
Gemma 4 26B-A4B	gemma-4-26B-A4B-it-UD-Q4_K_XL.gguf	1	17010980576	17.0	15.8	gemma4	30	128	8	Unsloth	all on the card
Gemma 4 31B	gemma-4-31B_q4_0-it.gguf	1	17651001568	17.7	16.4	gemma4	60				all on the card
Muse Glimmer 30B	Muse-Glimmer-30B-KQuant-17GB-Q4_K_M.gguf	1	16756683904	16.8	15.6	muse-glimmer	52				all on the card
