label	date	model	harness	window	setting	prompt_n	prompt_s	prefill	gen_n	decode	code_in_answer	code_found	card_mib	card_kind	file
Ling default	2026-09-20	Ling-3.0-flash Q4_K_M	hand-copied flags (bsweep)	131072	-b 2048 -ub 512 (default)	47992	201.5	238.18	77	27.46		True	7233	load	2026-09-20_first-pass/Ling-3.0-flash_base.log
Ling 4096	2026-09-20	Ling-3.0-flash Q4_K_M	hand-copied flags (bsweep)	131072	-b 4096 -ub 4096	47992	42.1	1140.38	77	27.85		True	8107	load	2026-09-20_first-pass/Ling-3.0-flash_ub4096.log
Inkling default	2026-09-20	Inkling-Small UD-Q3_K_XL	hand-copied flags (bsweep)	131072	-b 2048 -ub 512 (default)	48115	391.1	123.01	97	12.23		True	12641	load	2026-09-20_first-pass/Inkling-Small_base.log
Inkling 2048	2026-09-20	Inkling-Small UD-Q3_K_XL	hand-copied flags (bsweep)	131072	-b 4096 -ub 2048	48115	142.4	337.88	97	11.77		True	13183	load	2026-09-20_first-pass/Inkling-Small_ub2048.log
Qwen3.8-Flash-Next default	2026-09-20	Qwen3.8-Flash-Next UD-Q3_K_XL	hand-copied flags (bsweep)	131072	-b 2048 -ub 512 (default)	48069	236.6	203.18	99	18.14		True	19444	load	2026-09-20_first-pass/Qwen3.8-Flash-Next_base.log
Qwen3.8-Flash-Next 2048	2026-09-20	Qwen3.8-Flash-Next UD-Q3_K_XL	hand-copied flags (bsweep)	131072	-b 4096 -ub 2048	48069	93.9	511.74	104	18.75		True	21394	load	2026-09-20_first-pass/Qwen3.8-Flash-Next_ub2048.log
Inkling 262k confirm	2026-09-20	Inkling-Small UD-Q3_K_XL	hand-copied flags (bsweep)	262144	-b 4096 -ub 2048	3033	11.5	263.6	104	12.48		True	17281	load	2026-09-20_first-pass/Inkling-Small_262k-confirm.log
Qwen3.8-Flash-Next 262k confirm	2026-09-20	Qwen3.8-Flash-Next UD-Q3_K_XL	hand-copied flags (bsweep)	262144	-b 4096 -ub 2048	3041	67.0	45.38	98	17.57		True	26561	load	2026-09-20_first-pass/Qwen3.8-Flash-Next_262k-confirm.log
DeepSeek 16K default	2026-09-20	DeepSeek V4 Flash UD-Q8_K_XL	hand-copied flags (DeepSeek verify)	131072	-b 2048 -ub 512 (default), -cmoe	16011	196.1	81.64	8	10.25			17229	load	2026-09-20_deepseek-v4-flash/A_baseline.log
DeepSeek 16K 2048	2026-09-20	DeepSeek V4 Flash UD-Q8_K_XL	hand-copied flags (DeepSeek verify)	131072	-b 4096 -ub 2048, -cmoe	16011	61.4	260.82	8	10.8			17933	load	2026-09-20_deepseek-v4-flash/B_ubatch2048.log
DeepSeek 16K q8K default	2026-09-20	DeepSeek V4 Flash UD-Q8_K_XL	hand-copied flags (DeepSeek verify)	131072	default, --n-cpu-moe 50, q8_0 K/V	16011	194.3	82.41	8	10.92			16662	load	2026-09-20_deepseek-v4-flash/C_ncmoe_q8.log
DeepSeek 16K q8K 2048	2026-09-20	DeepSeek V4 Flash UD-Q8_K_XL	hand-copied flags (DeepSeek verify)	131072	-b 4096 -ub 2048, --n-cpu-moe 50, q8_0 K/V	16011	62.8	255.12	8	10.52			17465	load	2026-09-20_deepseek-v4-flash/D_both.log
DeepSeek 48K default (max_tokens 64)	2026-09-20	DeepSeek V4 Flash UD-Q8_K_XL	hand-copied flags (DeepSeek verify)	131072	default, -cmoe	48073	664.7	72.32	64	8.63			17073	load	2026-09-20_deepseek-v4-flash/v_A_base_48k.log
DeepSeek 48K 2048 (max_tokens 64)	2026-09-20	DeepSeek V4 Flash UD-Q8_K_XL	hand-copied flags (DeepSeek verify)	131072	-b 4096 -ub 2048, -cmoe	48073	189.4	253.87	64	9.75			17777	load	2026-09-20_deepseek-v4-flash/v_B_ub2048_48k.log
DeepSeek 48K 4096 (max_tokens 64)	2026-09-20	DeepSeek V4 Flash UD-Q8_K_XL	hand-copied flags (DeepSeek verify)	131072	-b 4096 -ub 4096, -cmoe	48073	113.7	422.68	64	9.85			18849	load	2026-09-20_deepseek-v4-flash/v_F_ub4096_48k.log
DeepSeek 48K default	2026-09-20	DeepSeek V4 Flash UD-Q8_K_XL	hand-copied flags (DeepSeek verify)	131072	default, -cmoe	48073	576.9	83.33	74	9.91			17063	load	2026-09-20_deepseek-v4-flash/v_V_base.log
DeepSeek 48K 4096	2026-09-20	DeepSeek V4 Flash UD-Q8_K_XL	hand-copied flags (DeepSeek verify)	131072	-b 4096 -ub 4096, -cmoe	48073	113.3	424.37	79	9.71			18849	load	2026-09-20_deepseek-v4-flash/v_V_ub4096.log
DeepSeek 48K 8192	2026-09-20	DeepSeek V4 Flash UD-Q8_K_XL	hand-copied flags (DeepSeek verify)	131072	-b 8192 -ub 8192, -cmoe	48073	79.2	607.09	70	9.58			22089	load	2026-09-20_deepseek-v4-flash/v_V_ub8192.log
DeepSeek 150K 8192 @262k	2026-09-20	DeepSeek V4 Flash UD-Q8_K_XL	hand-copied flags (DeepSeek verify)	262144	-b 8192 -ub 8192, -cmoe	150324	313.2	480.0	106	9.37			26023	load	2026-09-20_deepseek-v4-flash/v_W_256k_ub8192.log
DeepSeek 150K default @262k (15 Sep)	2026-09-15	DeepSeek V4 Flash UD-Q8_K_XL	start-script flags, direct launch	262144	default, -cmoe	150475	2062.2	72.97	25	9.14					2026-09-15_deepseek-v4-flash-depth/DeepSeek-V4-Flash-Q8_262144.log
Laguna-S-2.1 skip	2026-09-21	Laguna-S-2.1	own start script (batch_sweep)	32768	-b 512 -ub 128 (script)	24071	333.2	72.23	12	18.4	True	True	27973	peak	2026-09-21_sweep/Laguna-S-2.1_skip.log
Laguna-S-2.1 2048	2026-09-21	Laguna-S-2.1	own start script (batch_sweep)	32768	ub 2048	24071	34.5	698.44	12	17.54	True	True	27924	peak	2026-09-21_sweep/Laguna-S-2.1_2048.log
Laguna-S-2.1 4096	2026-09-21	Laguna-S-2.1	own start script (batch_sweep)	32768	ub 4096	24071	22.5	1070.54	12	17.0	True	True	28029	peak	2026-09-21_sweep/Laguna-S-2.1_4096.log
Laguna-S-2.1 8192	2026-09-21	Laguna-S-2.1	own start script (batch_sweep)	32768	ub 8192	24071	16.8	1434.01	12	16.5	True	True	28272	peak	2026-09-21_sweep/Laguna-S-2.1_8192.log
Qwen3.5-397B-A17B skip	2026-09-21	Qwen3.5-397B-A17B	own start script (batch_sweep)	131072	-b 2048 -ub 512 (default)	48029	213.9	224.52	11	16.39	True	True	26195	peak	2026-09-21_sweep/Qwen3.5-397B-A17B_skip.log
Qwen3.5-397B-A17B 2048	2026-09-21	Qwen3.5-397B-A17B	own start script (batch_sweep)	131072	ub 2048	48029	77.8	617.22	11	16.4	True	True	27588	peak	2026-09-21_sweep/Qwen3.5-397B-A17B_2048.log
Qwen3.5-397B-A17B 4096	2026-09-21	Qwen3.5-397B-A17B	own start script (batch_sweep)	131072	ub 4096	48029	51.5	932.25	11	16.41	True	True	29360	peak	2026-09-21_sweep/Qwen3.5-397B-A17B_4096.log
Qwen3.5-122B-A10B skip	2026-09-21	Qwen3.5-122B-A10B	own start script (batch_sweep)	131072	-b 2048 -ub 512 (default)	48027	92.3	520.16	648	30.81	True	True	26911	peak	2026-09-21_sweep/Qwen3.5-122B-A10B_skip.log
Qwen3.5-122B-A10B 2048	2026-09-21	Qwen3.5-122B-A10B	own start script (batch_sweep)	131072	ub 2048	48027	33.3	1442.13	603	34.63	True	True	28065	peak	2026-09-21_sweep/Qwen3.5-122B-A10B_2048.log
Qwen3.5-122B-A10B 4096	2026-09-21	Qwen3.5-122B-A10B	own start script (batch_sweep)	131072	ub 4096	48027	22.9	2101.67	716	32.72	True	True	29619	peak	2026-09-21_sweep/Qwen3.5-122B-A10B_4096.log
Mistral-Small-4 skip	2026-09-21	Mistral-Small-4	own start script (batch_sweep)	131072	-b 2048 -ub 512 (default)	48697	101.2	481.3	11	21.01	True	True	26882	peak	2026-09-21_sweep/Mistral-Small-4_skip.log
Mistral-Small-4 2048	2026-09-21	Mistral-Small-4	own start script (batch_sweep)	131072	ub 2048	48697	37.7	1292.03	11	22.28	True	True	27462	peak	2026-09-21_sweep/Mistral-Small-4_2048.log
Mistral-Small-4 4096	2026-09-21	Mistral-Small-4	own start script (batch_sweep)	131072	ub 4096	48697	26.9	1809.03	11	21.25	True	True	28236	peak	2026-09-21_sweep/Mistral-Small-4_4096.log
Mistral-Small-4 8192	2026-09-21	Mistral-Small-4	own start script (batch_sweep)	131072	ub 8192	48697	22.2	2192.3	11	20.97	True	True	29756	peak	2026-09-21_sweep/Mistral-Small-4_8192.log
Ornith-1.5-35B skip	2026-09-21	Ornith-1.5-35B	own start script (batch_sweep)	131072	-b 2048 -ub 512 (default)	48027	25.8	1860.17	87	73.57	True	True	27304	peak	2026-09-21_sweep/Ornith-1.5-35B_skip.log
Ornith-1.5-35B 1024	2026-09-21	Ornith-1.5-35B	own start script (batch_sweep)	131072	ub 1024	48027	15.1	3186.06	88	74.96	True	True	27504	peak	2026-09-21_sweep/Ornith-1.5-35B_1024.log
Ornith-1.5-35B 2048	2026-09-21	Ornith-1.5-35B	own start script (batch_sweep)	131072	ub 2048	48027	10.2	4725.44	89	75.23	True	True	27817	peak	2026-09-21_sweep/Ornith-1.5-35B_2048.log
Ornith-1.5-35B 4096	2026-09-21	Ornith-1.5-35B	own start script (batch_sweep)	131072	ub 4096	48027	7.6	6283.27	83	73.2	True	True	28691	peak	2026-09-21_sweep/Ornith-1.5-35B_4096.log
Qwen3-235B-A22B-Instruct-2507 skip	2026-09-21	Qwen3-235B-A22B-Instruct-2507	own start script (batch_sweep)	131072	-b 2048 -ub 512 (default)	48020	168.0	285.79	11	8.27	True	True	28317	peak	2026-09-21_sweep/Qwen3-235B-A22B-Instruct-2507_skip.log
Qwen3-235B-A22B-Instruct-2507 2048	2026-09-21	Qwen3-235B-A22B-Instruct-2507	own start script (batch_sweep)	131072	ub 2048	48020	68.3	703.28	11	8.18	True	True	29421	peak	2026-09-21_sweep/Qwen3-235B-A22B-Instruct-2507_2048.log
Qwen3-235B-A22B-Instruct-2507 4096	2026-09-21	Qwen3-235B-A22B-Instruct-2507	own start script (batch_sweep)	131072	ub 4096	48020	50.9	944.17	11	7.2	True	True	31053	peak	2026-09-21_sweep/Qwen3-235B-A22B-Instruct-2507_4096.log
Qwen3.8-27B skip	2026-09-21	Qwen3.8-27B	own start script (batch_sweep)	131072	-b 2048 -ub 512 (default)	48069	18.2	2634.84	106	99.26	True	True	29735	peak	2026-09-21_sweep/Qwen3.8-27B_skip.log
Qwen3.8-27B 1024	2026-09-21	Qwen3.8-27B	own start script (batch_sweep)	131072	ub 1024	48069	17.9	2692.05	106	97.12	True	True	30180	peak	2026-09-21_sweep/Qwen3.8-27B_1024.log
Qwen3.8-27B 2048	2026-09-21	Qwen3.8-27B	own start script (batch_sweep)	131072	ub 2048	48069	17.7	2717.54	106	94.41	True	True	31106	peak	2026-09-21_sweep/Qwen3.8-27B_2048.log
Qwen3.6-27B skip	2026-09-21	Qwen3.6-27B	own start script (batch_sweep)	131072	-b 2048 -ub 512 (default)	48027	16.2	2966.52	182	63.15	True	True	25780	peak	2026-09-21_sweep/Qwen3.6-27B_skip.log
Qwen3.6-27B 1024	2026-09-21	Qwen3.6-27B	own start script (batch_sweep)	131072	ub 1024	48027	15.7	3065.45	166	63.32	True	True	26028	peak	2026-09-21_sweep/Qwen3.6-27B_1024.log
Qwen3.6-27B 2048	2026-09-21	Qwen3.6-27B	own start script (batch_sweep)	131072	ub 2048	48027	15.3	3133.3	166	63.14	True	True	26546	peak	2026-09-21_sweep/Qwen3.6-27B_2048.log
Qwen3.6-27B 4096	2026-09-21	Qwen3.6-27B	own start script (batch_sweep)	131072	ub 4096	48027	15.4	3113.64	166	63.08	True	True	27586	peak	2026-09-21_sweep/Qwen3.6-27B_4096.log
GLM-4.7-Flash skip	2026-09-21	GLM-4.7-Flash	own start script (batch_sweep)	202752	-b 2048 -ub 512 (default)	47986	18.5	2594.65	429	129.6	True	True	28479	peak	2026-09-21_sweep/GLM-4.7-Flash_skip.log
GLM-4.7-Flash 1024	2026-09-21	GLM-4.7-Flash	own start script (batch_sweep)	202752	ub 1024	47986	15.9	3022.0	433	130.25	True	True	28761	peak	2026-09-21_sweep/GLM-4.7-Flash_1024.log
GLM-4.7-Flash 2048	2026-09-21	GLM-4.7-Flash	own start script (batch_sweep)	202752	ub 2048	47986	15.5	3100.19	900	130.09	False	True	29321	peak	2026-09-21_sweep/GLM-4.7-Flash_2048.log
GLM-4.7-Flash 4096	2026-09-21	GLM-4.7-Flash	own start script (batch_sweep)	202752	ub 4096	47986	15.6	3070.05	488	129.84	True	True	30447	peak	2026-09-21_sweep/GLM-4.7-Flash_4096.log
Gemma-4-26B-A4B skip	2026-09-21	Gemma-4-26B-A4B	own start script (batch_sweep)	262144	-b 2048 -ub 512 (default)	47983	5.3	8972.35	11	163.68	True	True	23226	peak	2026-09-21_sweep/Gemma-4-26B-A4B_skip.log
Gemma-4-26B-A4B 1024	2026-09-21	Gemma-4-26B-A4B	own start script (batch_sweep)	262144	ub 1024	47983	4.3	11248.61	11	160.2	True	True	23732	peak	2026-09-21_sweep/Gemma-4-26B-A4B_1024.log
Gemma-4-26B-A4B 2048	2026-09-21	Gemma-4-26B-A4B	own start script (batch_sweep)	262144	ub 2048	47983	4.0	12063.4	11	153.82	True	True	24762	peak	2026-09-21_sweep/Gemma-4-26B-A4B_2048.log
Gemma-4-26B-A4B 4096	2026-09-21	Gemma-4-26B-A4B	own start script (batch_sweep)	262144	ub 4096	47983	4.1	11811.23	11	148.41	True	True	26830	peak	2026-09-21_sweep/Gemma-4-26B-A4B_4096.log
gemma-4-31b-it-qat skip	2026-09-21	gemma-4-31b-it-qat	own start script (batch_sweep)	131072	-b 2048 -ub 512 (default)	47983	17.9	2687.49	11	56.45	True	True	29729	peak	2026-09-21_sweep/gemma-4-31b-it-qat_skip.log
gemma-4-31b-it-qat 1024	2026-09-21	gemma-4-31b-it-qat	own start script (batch_sweep)	131072	ub 1024	47983	17.2	2784.53	11	55.92	True	True	30441	peak	2026-09-21_sweep/gemma-4-31b-it-qat_1024.log
gemma-4-31b-it-qat 2048	2026-09-21	gemma-4-31b-it-qat	own start script (batch_sweep)	131072	ub 2048	47983	18.0	2663.41	11	53.91	True	True	31793	peak	2026-09-21_sweep/gemma-4-31b-it-qat_2048.log
Muse-Glimmer-30B skip	2026-09-21	Muse-Glimmer-30B	own start script (batch_sweep)	131072	-b 2048 -ub 512 (default)	48090	17.6	2737.69	139	193.65	True	True	20847	peak	2026-09-21_sweep/Muse-Glimmer-30B_skip.log
Muse-Glimmer-30B 1024	2026-09-21	Muse-Glimmer-30B	own start script (batch_sweep)	131072	ub 1024	48090	17.7	2721.33	139	179.59	True	True	22053	peak	2026-09-21_sweep/Muse-Glimmer-30B_1024.log
Muse-Glimmer-30B 2048	2026-09-21	Muse-Glimmer-30B	own start script (batch_sweep)	131072	ub 2048	48090	18.9	2544.2	138	182.69	True	True	24439	peak	2026-09-21_sweep/Muse-Glimmer-30B_2048.log
GLM-5.3-Flash default	2026-09-21	GLM-5.3-Flash UD-Q3_K_XL	own start script (batch_sweep)	131072	-b 2048 -ub 512 (default)	24008	297.3	80.74	62	9.22	True	True	24352	peak	2026-09-21_sweep/GLM-5.3-Flash_skip.log
GLM-5.3-Flash 2048 3K	2026-09-21	GLM-5.3-Flash UD-Q3_K_XL	own start script (batch_sweep) (series)	131072	-b 4096 -ub 2048	3019	16.2	185.9	25	9.55	True	True	26763	peak	2026-09-21_sweep/GLM-5.3-Flash_ub2048.log
GLM-5.3-Flash 4096 3K	2026-09-21	GLM-5.3-Flash UD-Q3_K_XL	own start script (batch_sweep) (series)	131072	-b 4096 -ub 4096	3019	9.3	324.47	25	9.39	True	True	29872	peak	2026-09-21_sweep/GLM-5.3-Flash_ub4096.log
GLM-5.3-Flash 2048 9K	2026-09-21	GLM-5.3-Flash UD-Q3_K_XL	own start script (batch_sweep) (series)	131072	-b 4096 -ub 2048	9046	39.8	227.27	74	9.66	True	True	26763	peak	2026-09-21_sweep/GLM-5.3-Flash_ub2048.log
GLM-5.3-Flash 4096 9K	2026-09-21	GLM-5.3-Flash UD-Q3_K_XL	own start script (batch_sweep) (series)	131072	-b 4096 -ub 4096	9046	25.6	352.82	74	9.46	True	True	29872	peak	2026-09-21_sweep/GLM-5.3-Flash_ub4096.log
GLM-5.3-Flash 2048 20K	2026-09-21	GLM-5.3-Flash UD-Q3_K_XL	own start script (batch_sweep) (series)	131072	-b 4096 -ub 2048	20333	79.8	254.84	230	9.44	True	True	26763	peak	2026-09-21_sweep/GLM-5.3-Flash_ub2048.log
GLM-5.3-Flash 4096 20K	2026-09-21	GLM-5.3-Flash UD-Q3_K_XL	own start script (batch_sweep) (series)	131072	-b 4096 -ub 4096	20333	45.6	445.97	60	9.35	True	True	29872	peak	2026-09-21_sweep/GLM-5.3-Flash_ub4096.log
GLM-5.3-Flash 2048 48K	2026-09-21	GLM-5.3-Flash UD-Q3_K_XL	own start script (batch_sweep) (series)	131072	-b 4096 -ub 2048	48168	191.2	251.97	416	9.21	True	True	26763	peak	2026-09-21_sweep/GLM-5.3-Flash_ub2048.log
GLM-5.3-Flash 4096 48K	2026-09-21	GLM-5.3-Flash UD-Q3_K_XL	own start script (batch_sweep) (series)	131072	-b 4096 -ub 4096	48168	113.3	425.09	310	9.12	True	True	29872	peak	2026-09-21_sweep/GLM-5.3-Flash_ub4096.log
Ornith 8192 3K	2026-09-21	Ornith-1.5-35B	own start script (batch_sweep) (series)	131072	-b 8192 -ub 8192	3003	0.6	5041.06	99	73.58	True	True	30087	peak	2026-09-21_sweep/Ornith-1.5-35B_ub8192.log
Ornith 8192 48K	2026-09-21	Ornith-1.5-35B	own start script (batch_sweep) (series)	131072	-b 8192 -ub 8192	48052	6.5	7393.7	86	73.64	True	True	30087	peak	2026-09-21_sweep/Ornith-1.5-35B_ub8192.log
Laguna shipped confirm	2026-09-21	Laguna-S-2.1	own start script (batch_sweep) (series)	32768	-b 8192 -ub 8192 (script default)	24013	17.1	1406.49	12	15.32	True	True	28265	peak	2026-09-21_sweep/Laguna_shipped_confirm.log
Laguna_ctx131072_ub4096 read1	2026-09-21	Laguna-S-2.1	own start script (batch_sweep) (series)	131072	-b 8192 -ub 4096	24013	24.1	998.21	12	16.2	True	True	28184	peak	2026-09-21_sweep/Laguna_ctx131072_ub4096.log
Laguna_ctx131072_ub4096 read2	2026-09-21	Laguna-S-2.1	own start script (batch_sweep) (series)	131072	-b 8192 -ub 4096	100108	97.1	1030.47	12	14.92	True	True	28184	peak	2026-09-21_sweep/Laguna_ctx131072_ub4096.log
Laguna_ctx131072_ub8192 read1	2026-09-21	Laguna-S-2.1	own start script (batch_sweep) (series)	131072	-b 8192 -ub 8192	24013	18.0	1331.64	12	14.62	True	True	28337	peak	2026-09-21_sweep/Laguna_ctx131072_ub8192.log
Laguna_ctx131072_ub8192 read2	2026-09-21	Laguna-S-2.1	own start script (batch_sweep) (series)	131072	-b 8192 -ub 8192	100108	73.5	1362.4	35	12.99	True	True	28337	peak	2026-09-21_sweep/Laguna_ctx131072_ub8192.log
Laguna_ctx262144_ub4096 read1	2026-09-21	Laguna-S-2.1	own start script (batch_sweep) (series)	262144	-b 8192 -ub 4096	24013	26.6	901.89	35	14.51	True	True	27995	peak	2026-09-21_sweep/Laguna_ctx262144_ub4096.log
Laguna_ctx262144_ub4096 read2	2026-09-21	Laguna-S-2.1	own start script (batch_sweep) (series)	262144	-b 8192 -ub 4096	200098	231.0	866.11	35	12.73	True	True	27995	peak	2026-09-21_sweep/Laguna_ctx262144_ub4096.log
Ling 3K 512	2026-09-21	Ling-3.0-flash Q4_K_M	own start script (batch_sweep)	262144	ub 512	3007	14.9	201.5	104	24.41	True	True	8037	peak	2026-09-21_ling-crash/Ling-3.0-flash_512.log
Ling 3K 1024	2026-09-21	Ling-3.0-flash Q4_K_M	own start script (batch_sweep)	262144	ub 1024	3007	9.2	325.68	73	24.7	True	True	8307	peak	2026-09-21_ling-crash/Ling-3.0-flash_1024.log
Ling 3K 2048	2026-09-21	Ling-3.0-flash Q4_K_M	own start script (batch_sweep)	262144	ub 2048	3007	6.8	444.03	64	23.0	True	True	8871	peak	2026-09-21_ling-crash/Ling-3.0-flash_2048.log
Ling 3K skip	2026-09-21	Ling-3.0-flash Q4_K_M	own start script (batch_sweep)	262144	script default after the fix (-b 4096 -ub 2048)	3007	6.7	451.4	64	24.73	True	True	8794	peak	2026-09-21_ling-crash/Ling-3.0-flash_skip.log
Ling shipped-4096 series read1	2026-09-21	Ling-3.0-flash Q4_K_M	own start script (batch_sweep) (series)	262144	-b 4096 -ub 4096 (script default then)	3005	4.2	722.39	49	23.12	True	True	10050	peak	2026-09-21_ling-crash/Ling-3.0-flash_shipped_262k_A.log
Ling shipped-4096 series read2	2026-09-21	Ling-3.0-flash Q4_K_M	own start script (batch_sweep) (series)	262144	-b 4096 -ub 4096 (script default then)	2991	3.9	757.89	100	23.91	True	True	10050	peak	2026-09-21_ling-crash/Ling-3.0-flash_shipped_262k_A.log
Ling shipped-4096 series read3	2026-09-21	Ling-3.0-flash Q4_K_M	own start script (batch_sweep) (series)	262144	-b 4096 -ub 4096 (script default then)	19962	17.5	1140.66	58	24.57	True	True	10050	peak	2026-09-21_ling-crash/Ling-3.0-flash_shipped_262k_A.log
Ling shipped-4096 series read4	2026-09-21	Ling-3.0-flash Q4_K_M	own start script (batch_sweep) (series)	262144	-b 4096 -ub 4096 (script default then)	48084	41.0	1173.91	77	23.26	True	True	10050	peak	2026-09-21_ling-crash/Ling-3.0-flash_shipped_262k_A.log
Ling shipped-4096 series read5	2026-09-21	Ling-3.0-flash Q4_K_M	own start script (batch_sweep) (series)	262144	-b 4096 -ub 4096 (script default then)	150153	140.6	1067.62	122	23.12	True	True	10050	peak	2026-09-21_ling-crash/Ling-3.0-flash_shipped_262k_A.log
Ling 2048 confirm read1	2026-09-21	Ling-3.0-flash Q4_K_M	own start script (batch_sweep) (series)	262144	-b 4096 -ub 2048	3005	6.7	448.61	104	23.22	True	True	8824	peak	2026-09-21_ling-crash/Ling-3.0-flash_ub2048_confirm.log
Ling 2048 confirm read2	2026-09-21	Ling-3.0-flash Q4_K_M	own start script (batch_sweep) (series)	262144	-b 4096 -ub 2048	47986	65.9	727.69	77	23.25	True	True	8824	peak	2026-09-21_ling-crash/Ling-3.0-flash_ub2048_confirm.log
Ling 2048 confirm read3	2026-09-21	Ling-3.0-flash Q4_K_M	own start script (batch_sweep) (series)	262144	-b 4096 -ub 2048	149711	215.5	694.59	135	22.6	True	True	8824	peak	2026-09-21_ling-crash/Ling-3.0-flash_ub2048_confirm.log
DeepSeek IQ3 2048 read1	2026-09-21	DeepSeek V4 Flash UD-IQ3_XXS	own start script (batch_sweep) (series)	262144	-b 4096 -ub 2048, --n-cpu-moe 36	2998	14.4	208.13	67	12.62	True	True	27460	peak	2026-09-21_deepseek-v4-flash-iq3/DeepSeek-V4-Flash-IQ3_ub2048.log
DeepSeek IQ3 2048 read2	2026-09-21	DeepSeek V4 Flash UD-IQ3_XXS	own start script (batch_sweep) (series)	262144	-b 4096 -ub 2048, --n-cpu-moe 36	48024	112.6	426.53	73	12.29	True	True	27460	peak	2026-09-21_deepseek-v4-flash-iq3/DeepSeek-V4-Flash-IQ3_ub2048.log
DeepSeek IQ3 2048 read3	2026-09-21	DeepSeek V4 Flash UD-IQ3_XXS	own start script (batch_sweep) (series)	262144	-b 4096 -ub 2048, --n-cpu-moe 36	149898	371.2	403.82	82	11.8	True	True	27460	peak	2026-09-21_deepseek-v4-flash-iq3/DeepSeek-V4-Flash-IQ3_ub2048.log
DeepSeek IQ3 4096 read1	2026-09-21	DeepSeek V4 Flash UD-IQ3_XXS	own start script (batch_sweep) (series)	262144	-b 4096 -ub 4096, --n-cpu-moe 36	2998	5.6	539.63	59	12.65	True	True	28858	peak	2026-09-21_deepseek-v4-flash-iq3/DeepSeek-V4-Flash-IQ3_ub4096.log
DeepSeek IQ3 4096 read2	2026-09-21	DeepSeek V4 Flash UD-IQ3_XXS	own start script (batch_sweep) (series)	262144	-b 4096 -ub 4096, --n-cpu-moe 36	48024	69.5	690.87	69	12.16	True	True	28858	peak	2026-09-21_deepseek-v4-flash-iq3/DeepSeek-V4-Flash-IQ3_ub4096.log
DeepSeek IQ3 shipped 150K	2026-09-21	DeepSeek V4 Flash UD-IQ3_XXS	own start script (batch_sweep) (series)	262144	-b 4096 -ub 4096 (script default)	150103	237.5	632.1	86	11.79	True	True	28930	peak	2026-09-21_deepseek-v4-flash-iq3/DeepSeek-V4-Flash-IQ3_shipped_150k.log
Qwen3.8-Flash-Next replay 262k	2026-09-21	Qwen3.8-Flash-Next UD-Q3_K_XL	own start script (crash-prompt replay)	262144	-b 4096 -ub 2048 (script default)	2999	26.7	112.34	98	15.77	True	True	26369	peak	2026-09-21_stress/replay-of-crash-prompt/Qwen3.8-Flash-Next_replay3000.log
Inkling replay 262k	2026-09-21	Inkling-Small UD-Q3_K_XL	own start script (crash-prompt replay)	262144	-b 4096 -ub 2048 (script default)	3033	16.1	187.88	104	10.59	True	True	17273	peak	2026-09-21_stress/replay-of-crash-prompt/Inkling-Small_replay3000.log
Qwen3.8-Flash-Next 262k shipped read1 (cold page cache)	2026-09-26	Qwen3.8-Flash-Next UD-Q3_K_XL	start-script copy (served-window rerun)	262144	-b 4096 -ub 2048 (shipped)	3035	34.6	87.74	11	16.89	True	True	26961	after read	2026-09-26_qwen3.8-flash-next-served-window/Qwen3.8-Flash-Next_shipped_b4096_ub2048.server.log
Qwen3.8-Flash-Next 262k shipped read2	2026-09-26	Qwen3.8-Flash-Next UD-Q3_K_XL	start-script copy (served-window rerun)	262144	-b 4096 -ub 2048 (shipped)	3019	5.8	517.61	11	22.55	True	True	26961	after read	2026-09-26_qwen3.8-flash-next-served-window/Qwen3.8-Flash-Next_shipped_b4096_ub2048.server.log
Qwen3.8-Flash-Next 262k shipped read3	2026-09-26	Qwen3.8-Flash-Next UD-Q3_K_XL	start-script copy (served-window rerun)	262144	-b 4096 -ub 2048 (shipped)	48075	72.8	660.61	11	19.03	True	True	27271	after read	2026-09-26_qwen3.8-flash-next-served-window/Qwen3.8-Flash-Next_shipped_b4096_ub2048.server.log
Qwen3.8-Flash-Next 262k shipped read4	2026-09-26	Qwen3.8-Flash-Next UD-Q3_K_XL	start-script copy (served-window rerun)	262144	-b 4096 -ub 2048 (shipped)	229981	429.6	535.35	33	12.69	True	True	26986	after read	2026-09-26_qwen3.8-flash-next-served-window/Qwen3.8-Flash-Next_shipped_b4096_ub2048.server.log
Qwen3.8-Flash-Next 262k default read1	2026-09-26	Qwen3.8-Flash-Next UD-Q3_K_XL	start-script copy (served-window rerun)	262144	-b 2048 -ub 512 (default)	3035	12.0	253.69	11	22.16	True	True	21402	after read	2026-09-26_qwen3.8-flash-next-served-window/Qwen3.8-Flash-Next_default_b2048_ub512.server.log
Qwen3.8-Flash-Next 262k default read2	2026-09-26	Qwen3.8-Flash-Next UD-Q3_K_XL	start-script copy (served-window rerun)	262144	-b 2048 -ub 512 (default)	3019	11.8	255.67	11	21.95	True	True	21452	after read	2026-09-26_qwen3.8-flash-next-served-window/Qwen3.8-Flash-Next_default_b2048_ub512.server.log
Qwen3.8-Flash-Next 262k default read3	2026-09-26	Qwen3.8-Flash-Next UD-Q3_K_XL	start-script copy (served-window rerun)	262144	-b 2048 -ub 512 (default)	48075	200.2	240.16	11	19.76	True	True	21694	after read	2026-09-26_qwen3.8-flash-next-served-window/Qwen3.8-Flash-Next_default_b2048_ub512.server.log
Qwen3.8-Flash-Next 262k default read4	2026-09-26	Qwen3.8-Flash-Next UD-Q3_K_XL	start-script copy (served-window rerun)	262144	-b 2048 -ub 512 (default)	229981	1119.3	205.46	33	12.31	True	True	21644	after read	2026-09-26_qwen3.8-flash-next-served-window/Qwen3.8-Flash-Next_default_b2048_ub512.server.log
