start_script_for	batch_settings_before_20_Sep	source_state
DeepSeek-V4-Flash	neither (llama.cpp defaults: -b 2048 -ub 512)	backup taken before the sweep
GLM-4.7-Flash	neither (llama.cpp defaults: -b 2048 -ub 512)	backup taken before the sweep
GLM-4.7-Full	neither (llama.cpp defaults: -b 2048 -ub 512)	backup taken before the sweep
GLM-5.2-UD-IQ1_S	-b 64 -ub 32	unchanged by the sweep
GLM-5.3-Flash	neither (llama.cpp defaults: -b 2048 -ub 512)	backup taken before the sweep
Gemma-4-26B-A4B	neither (llama.cpp defaults: -b 2048 -ub 512)	backup taken before the sweep
Inkling-Small	neither (llama.cpp defaults: -b 2048 -ub 512)	backup taken before the sweep
Kimi-K2.6	neither (llama.cpp defaults: -b 2048 -ub 512)	unchanged by the sweep
Kimi-K2.7-Code	neither (llama.cpp defaults: -b 2048 -ub 512)	unchanged by the sweep
Kimi-K3	only when an optional setting is given; not by default	unchanged by the sweep
Laguna-S-2.1	-b 512 -ub 128	backup taken before the sweep
Ling-3.0-flash	neither (llama.cpp defaults: -b 2048 -ub 512)	backup taken before the sweep
MiniMax-M3	-ub 128 (with -cmoe)	from a backup taken 21 Sep, before a later edit outside this sweep
Mistral-Large-3	-b 4096 -ub 2048	unchanged by the sweep
Mistral-Medium-3.5	-b 4096 -ub 1024 or -ub 2048 on two of its three window settings; none on the third	unchanged by the sweep
Mistral-Small-4	neither (llama.cpp defaults: -b 2048 -ub 512)	backup taken before the sweep
Muse-Glimmer-30B	neither (llama.cpp defaults: -b 2048 -ub 512)	backup taken before the sweep
Ornith-1.5-35B	neither (llama.cpp defaults: -b 2048 -ub 512)	backup taken before the sweep
Qwen3-235B-A22B-Instruct-2507	neither (llama.cpp defaults: -b 2048 -ub 512)	backup taken before the sweep
Qwen3.5-122B-A10B	neither (llama.cpp defaults: -b 2048 -ub 512)	backup taken before the sweep
Qwen3.5-397B-A17B	neither (llama.cpp defaults: -b 2048 -ub 512)	backup taken before the sweep
Qwen3.6-27B	neither (llama.cpp defaults: -b 2048 -ub 512)	backup taken before the sweep
Qwen3.8-27B	neither (llama.cpp defaults: -b 2048 -ub 512)	backup taken before the sweep
Qwen3.8-Flash-Next	neither (llama.cpp defaults: -b 2048 -ub 512)	backup taken before the sweep
gemma-4-31b-it-qat	neither (llama.cpp defaults: -b 2048 -ub 512)	backup taken before the sweep
