model,file,file_size_bytes,header_bytes_read,header_sha256
inkling-small,Inkling-Small-UD-Q3_K_XL-00001-of-00004.gguf,12986592,12986586,74a553948bd5ef52443f1304544612e7e54db9f94c74a3671fabd3ec1918c79a
inkling-small,Inkling-Small-UD-Q3_K_XL-00002-of-00004.gguf,49513784096,26823,4775a243ffb5a3cba9bdf59f27da96e11ff9d072c7ab13a2ca5d0274ed1a95c5
inkling-small,Inkling-Small-UD-Q3_K_XL-00003-of-00004.gguf,49969966752,25695,1ec9c10973f0e7e807d91fcbd116f39920d05da91ff922934d0dd81eec3595c0
inkling-small,Inkling-Small-UD-Q3_K_XL-00004-of-00004.gguf,20057642400,9434,794cb8d9ed812b842a5a943a36cd2fee01bf59461af25b654d72719cec4931e8
qwen397,Qwen3.5-397B-A17B-UD-IQ3_XXS-00001-of-00004.gguf,10943758,10943758,eb3dec4f086e32a3992ee6214b678e4bc7a1d6659e47a25e7e91f4a8f1e9cf12
qwen397,Qwen3.5-397B-A17B-UD-IQ3_XXS-00002-of-00004.gguf,49991925632,23402,f9cfd6c15910ef88609ff5add795298c78d2fe4953340c7627a8af79df9bb8d1
qwen397,Qwen3.5-397B-A17B-UD-IQ3_XXS-00003-of-00004.gguf,49880268928,23662,1fd0d5b5c5f1c5995443b00d0faed11622b68668822f5fd71cc9487af1431a9e
qwen397,Qwen3.5-397B-A17B-UD-IQ3_XXS-00004-of-00004.gguf,49957284224,23933,22c36e0e714c9a63fc6235429b3b1f6471ec88cec82b2c6ed4ff893e435272c4
deepseek,DeepSeek-V4-Flash-0731-UD-Q8_K_XL-00001-of-00005.gguf,5257408,5257394,a8d4e5cfbe8d924df32d70f2fe5591e0be602c195840c8b5ff534155b277d203
deepseek,DeepSeek-V4-Flash-0731-UD-Q8_K_XL-00002-of-00005.gguf,49215492960,24587,d5890ee446e235ddf8fdddf7baaefbc3f79c0c41efa121222b23786adb47979f
deepseek,DeepSeek-V4-Flash-0731-UD-Q8_K_XL-00003-of-00005.gguf,49700372160,27833,3dc29d26c7c68731c4cb70a0eaec9459306cb753de9f9600819689ca1fe875cf
deepseek,DeepSeek-V4-Flash-0731-UD-Q8_K_XL-00004-of-00005.gguf,49466495968,26589,87a6ebaf5527bbdb5e7e520f2b30e6e507f19e835890bcea21b0313017bebf62
deepseek,DeepSeek-V4-Flash-0731-UD-Q8_K_XL-00005-of-00005.gguf,13481997024,7112,3356e83d2fd40c966805d4123e7850690372d10acd72c4f7a53f92d64438867c
inkling-975b,inkling-UD-IQ1_S-00001-of-00007.gguf,12986167,12986167,746cb6dc72ef3f170ac5b3503f13091c2156a8d779263581820c861b575932d1
inkling-975b,inkling-UD-IQ1_S-00002-of-00007.gguf,49958003392,20728,f5a03768c20a22e0051a53196d5a2d28e94340286d71e8a25db96291c999b560
inkling-975b,inkling-UD-IQ1_S-00003-of-00007.gguf,49877895584,18416,9e833a74f2a737e88c3a38eb4f41580e449ecedbdc7a0848d67008b0fe74c212
inkling-975b,inkling-UD-IQ1_S-00004-of-00007.gguf,49065068096,17611,f5884f4a5460ecdb94b77da61874eb7bb02cff724bb0924c841f53e80bb64c6f
inkling-975b,inkling-UD-IQ1_S-00005-of-00007.gguf,48877676288,17787,97dd4f8ae2de72c307291beef45469b18407b7de0d8556414c594e088c684e0e
inkling-975b,inkling-UD-IQ1_S-00006-of-00007.gguf,48159660480,16452,7ef874ed75ba710d7b1f802c5a03bc0485527e6917aa51f339814f0dc3fedc82
inkling-975b,inkling-UD-IQ1_S-00007-of-00007.gguf,24212528064,6940,d23002de7fcf0822f5a1493448cea2df70a0f1579c531586d61add3fca606283
