provider	picture	found	expected
Google (model version not recorded)	01_nebula_large.jpg	2	2
Google (model version not recorded)	02_earth_from_orbit.jpg	1	1
Google (model version not recorded)	03_poster_text.png	10	10
Google (model version not recorded)	04_invoice_small_text.png	13	13
Google (model version not recorded)	05_bar_chart.png	9	9
Google (model version not recorded)	06_cottage_exif_rotated.jpg	3	3
Google (model version not recorded)	07_logo_white_on_transparent.png	1	1
Google (model version not recorded)	ALL SEVEN	39	39
Mistral AI (model name not recorded)	01_nebula_large.jpg	1	2
Mistral AI (model name not recorded)	02_earth_from_orbit.jpg	0	1
Mistral AI (model name not recorded)	03_poster_text.png	8	10
Mistral AI (model name not recorded)	04_invoice_small_text.png	2	13
Mistral AI (model name not recorded)	05_bar_chart.png	9	9
Mistral AI (model name not recorded)	06_cottage_exif_rotated.jpg	1	3
Mistral AI (model name not recorded)	07_logo_white_on_transparent.png	1	1
Mistral AI (model name not recorded)	ALL SEVEN	22	39
Mistral AI, Mistral Medium per the run's label (version not recorded)	01_nebula_large.jpg	2	2
Mistral AI, Mistral Medium per the run's label (version not recorded)	02_earth_from_orbit.jpg	1	1
Mistral AI, Mistral Medium per the run's label (version not recorded)	03_poster_text.png	10	10
Mistral AI, Mistral Medium per the run's label (version not recorded)	04_invoice_small_text.png	13	13
Mistral AI, Mistral Medium per the run's label (version not recorded)	05_bar_chart.png	9	9
Mistral AI, Mistral Medium per the run's label (version not recorded)	06_cottage_exif_rotated.jpg	3	3
Mistral AI, Mistral Medium per the run's label (version not recorded)	07_logo_white_on_transparent.png	1	1
Mistral AI, Mistral Medium per the run's label (version not recorded)	ALL SEVEN	39	39
