label	picture	found	expected	missed
contention_30b_cpu_t16_px1536	01_nebula_large.jpg	2	2	
contention_30b_cpu_t16_px1536	03_poster_text.png	10	10	
contention_30b_default	01_nebula_large.jpg	2	2	
contention_30b_default	03_poster_text.png	10	10	
contention_30b_t16	01_nebula_large.jpg	2	2	
contention_30b_t16	03_poster_text.png	10	10	
contention_4b_gpu_ctx8k	01_nebula_large.jpg	2	2	
contention_4b_gpu_ctx8k	03_poster_text.png	10	10	
ctx8k_qwen3-vl_30b-a3b-instruct	01_nebula_large.jpg	2	2	
ctx8k_qwen3-vl_30b-a3b-instruct	04_invoice_small_text.png	13	13	
ctx8k_qwen3-vl_4b-instruct	01_nebula_large.jpg	2	2	
ctx8k_qwen3-vl_4b-instruct	04_invoice_small_text.png	13	13	
qwen35_4b_gpu	01_nebula_large.jpg	2	2	
qwen35_4b_gpu	02_earth_from_orbit.jpg	1	1	
qwen35_4b_gpu	03_poster_text.png	6	10	27 Orchard Lane | $12 | 555-0147 | Doreen
qwen35_4b_gpu	04_invoice_small_text.png	13	13	
qwen35_4b_gpu	05_bar_chart.png	4	9	35 | 58 | 71 | 64 | 23
qwen35_4b_gpu	06_cottage_exif_rotated.jpg	3	3	
qwen35_4b_gpu	07_logo_white_on_transparent.png	1	1	
qwen35_9b_gpu	01_nebula_large.jpg	2	2	
qwen35_9b_gpu	02_earth_from_orbit.jpg	1	1	
qwen35_9b_gpu	03_poster_text.png	10	10	
qwen35_9b_gpu	04_invoice_small_text.png	11	13	£2 per day | twelve-month
qwen35_9b_gpu	05_bar_chart.png	9	9	
qwen35_9b_gpu	06_cottage_exif_rotated.jpg	3	3	
qwen35_9b_gpu	07_logo_white_on_transparent.png	1	1	
qwen36_35b_gpu	01_nebula_large.jpg	2	2	
qwen36_35b_gpu	02_earth_from_orbit.jpg	1	1	
qwen36_35b_gpu	03_poster_text.png	10	10	
qwen36_35b_gpu	04_invoice_small_text.png	13	13	
qwen36_35b_gpu	05_bar_chart.png	9	9	
qwen36_35b_gpu	06_cottage_exif_rotated.jpg	3	3	
qwen36_35b_gpu	07_logo_white_on_transparent.png	1	1	
qwen3vl30b_cpu_t16	01_nebula_large.jpg	2	2	
qwen3vl30b_cpu_t16	03_poster_text.png	10	10	
qwen3vl30b_cpu_t16_px1536	01_nebula_large.jpg	2	2	
qwen3vl30b_cpu_t16_px1536	02_earth_from_orbit.jpg	1	1	
qwen3vl30b_cpu_t16_px1536	03_poster_text.png	10	10	
qwen3vl30b_cpu_t16_px1536	04_invoice_small_text.png	13	13	
qwen3vl30b_cpu_t16_px1536	05_bar_chart.png	9	9	
qwen3vl30b_cpu_t16_px1536	06_cottage_exif_rotated.jpg	3	3	
qwen3vl30b_cpu_t16_px1536	07_logo_white_on_transparent.png	1	1	
qwen3vl30b_cpu_t24	01_nebula_large.jpg	2	2	
qwen3vl30b_cpu_t24	03_poster_text.png	10	10	
qwen3vl30b_cpu_t8	01_nebula_large.jpg	2	2	
qwen3vl30b_cpu_t8	03_poster_text.png	10	10	
qwen3vl30b_gpu	01_nebula_large.jpg	2	2	
qwen3vl30b_gpu	02_earth_from_orbit.jpg	1	1	
qwen3vl30b_gpu	03_poster_text.png	10	10	
qwen3vl30b_gpu	04_invoice_small_text.png	13	13	
qwen3vl30b_gpu	05_bar_chart.png	9	9	
qwen3vl30b_gpu	06_cottage_exif_rotated.jpg	3	3	
qwen3vl30b_gpu	07_logo_white_on_transparent.png	1	1	
qwen3vl30b_gpu_t16_ctx8k	01_nebula_large.jpg	2	2	
qwen3vl30b_gpu_t16_ctx8k	02_earth_from_orbit.jpg	1	1	
qwen3vl30b_gpu_t16_ctx8k	03_poster_text.png	10	10	
qwen3vl30b_gpu_t16_ctx8k	04_invoice_small_text.png	13	13	
qwen3vl30b_gpu_t16_ctx8k	05_bar_chart.png	9	9	
qwen3vl30b_gpu_t16_ctx8k	06_cottage_exif_rotated.jpg	3	3	
qwen3vl30b_gpu_t16_ctx8k	07_logo_white_on_transparent.png	1	1	
qwen3vl4b_cpu_t16	01_nebula_large.jpg	2	2	
qwen3vl4b_cpu_t16	02_earth_from_orbit.jpg	1	1	
qwen3vl4b_cpu_t16	03_poster_text.png	10	10	
qwen3vl4b_cpu_t16	04_invoice_small_text.png	13	13	
qwen3vl4b_cpu_t16	05_bar_chart.png	9	9	
qwen3vl4b_cpu_t16	06_cottage_exif_rotated.jpg	2	3	house
qwen3vl4b_cpu_t16	07_logo_white_on_transparent.png	1	1	
qwen3vl4b_cpu_t16_px1024	01_nebula_large.jpg	2	2	
qwen3vl4b_cpu_t16_px1024	02_earth_from_orbit.jpg	1	1	
qwen3vl4b_cpu_t16_px1024	03_poster_text.png	10	10	
qwen3vl4b_cpu_t16_px1024	04_invoice_small_text.png	13	13	
qwen3vl4b_cpu_t16_px1024	05_bar_chart.png	9	9	
qwen3vl4b_cpu_t16_px1024	06_cottage_exif_rotated.jpg	3	3	
qwen3vl4b_cpu_t16_px1024	07_logo_white_on_transparent.png	1	1	
qwen3vl4b_cpu_t16_px1536	01_nebula_large.jpg	2	2	
qwen3vl4b_cpu_t16_px1536	02_earth_from_orbit.jpg	1	1	
qwen3vl4b_cpu_t16_px1536	03_poster_text.png	10	10	
qwen3vl4b_cpu_t16_px1536	04_invoice_small_text.png	13	13	
qwen3vl4b_cpu_t16_px1536	05_bar_chart.png	9	9	
qwen3vl4b_cpu_t16_px1536	06_cottage_exif_rotated.jpg	3	3	
qwen3vl4b_cpu_t16_px1536	07_logo_white_on_transparent.png	1	1	
qwen3vl4b_gpu	01_nebula_large.jpg	2	2	
qwen3vl4b_gpu	02_earth_from_orbit.jpg	1	1	
qwen3vl4b_gpu	03_poster_text.png	10	10	
qwen3vl4b_gpu	04_invoice_small_text.png	13	13	
qwen3vl4b_gpu	05_bar_chart.png	9	9	
qwen3vl4b_gpu	06_cottage_exif_rotated.jpg	2	3	house
qwen3vl4b_gpu	07_logo_white_on_transparent.png	1	1	
qwen3vl8b_gpu	01_nebula_large.jpg	2	2	
qwen3vl8b_gpu	02_earth_from_orbit.jpg	1	1	
qwen3vl8b_gpu	03_poster_text.png	10	10	
qwen3vl8b_gpu	04_invoice_small_text.png	13	13	
qwen3vl8b_gpu	05_bar_chart.png	9	9	
qwen3vl8b_gpu	06_cottage_exif_rotated.jpg	3	3	
qwen3vl8b_gpu	07_logo_white_on_transparent.png	1	1	
