response_file	llama_cpp_commit
logs256/dsv4q8_262144.deep.json	5f55650
logs256/dsv4split_131072_120k.deep.json	d3146f2b5
logs256/dsv4split_262144.deep.json	d3146f2b5
logs256/flashnext_262144.deep.json	d3146f2b5
logs256/gemma26_262144.deep.json	d3146f2b5
logs256/glm47flash_202752.deep.json	d3146f2b5
logs256/inkling_262144.deep.json	946fc11d1
logs256/ling_262144.deep.json	d3146f2b5
logs256/mistral4_262144.deep.json	5f55650
logs256/qwen122_262144.deep.json	c8e03ce
logs256/qwen397_262144.deep.json	c8e03ce
