n,model,maker,file_as_served,window_and_batch_setting,speaking_direct,reading_direct,through_an_agent_framework,newest_figure,label,files_in_this_package
1,"DeepSeek V4 Flash 0731, across two machines",DeepSeek,"UD-IQ3_XXS, 4 shards, 104,207,848,032 bytes; a UD-Q4_K_XL preset with the maker's draft model","131,072 by the script's fallback; the installed knob may raise it; 262,144 was loaded on 15 and 21 September. -b 2048 -ub 512","At 262,144 (2026-09-21): 14.73, 12.05, 7.85 on replies of about 400 tokens at 2,998, 48,024 and 150,103 tokens; 14.76, 12.04 and 7.66 on the short code answers of 67, 69 and 83 tokens at the same depths; hidden reasoning included","At 262,144, -b 2048 -ub 512: 161.8 on 2,998 tokens, 102.5 on 48,024, 51.4 on 150,103","3 of 3 codes and the tool call at both legs; reading about 97.4 on 52,928 tokens and 66.6 on 102,478; speaking 11.7 and 10.0 on 134 and 128-token answers (2026-09-14, 131,072 window). The record's verdict is FAIL, on a separate leg of our own runtime",2026-09-21,measured,batch-sweep-2026-09-21/DeepSeek-V4-Flash-pair_512_series.result; batch-sweep-2026-09-21/DeepSeek-V4-Flash-pair_512_150k.result; batch-sweep-2026-09-21/DeepSeek-V4-Flash-pair_2048_series.result; batch-sweep-2026-09-21/DeepSeek-V4-Flash-3bit-desktop_2048_series.result; installed-windows-2026-09-21.txt; long-reads-2026-09-15/CONTEXT_256K_MEASUREMENTS.tsv; batch-sweep-2026-09-21/DeepSeek-V4-Flash-pair_chain.sh; gate-records/deepseek-v4-flash-0731-two-machines.json
2,Inkling-Small,Thinking Machines Lab,"UD-Q3_K_XL, 4 shards, 119,554,379,840 bytes","262,144, the installed default: a run that passed no window was served it (2026-09-21); the 14 September probes served 131,072. -b 4096 -ub 2048","11.77 on a 202-token paragraph (2026-09-15, this window); 8.78 on a 27-token answer after 230,827 tokens","At 262,144: 115.07 on 230,827 tokens at the defaults (2026-09-15); with -b 4096 -ub 2048, short reads only, 263.6 on 3,033 (2026-09-20) and 187.9 on 3,033 (2026-09-21). At 131,072 with that setting: 337.9 on 48,115 (2026-09-20)","3 of 3 and the tool call at both legs; reading about 107.9 on 52,925 and 111.1 on 102,473; speaking 12.9 and 10.9 on 145 and 31-token answers (2026-09-14)",2026-09-21,measured,installed-windows-2026-09-21.txt; inkling-probes-2026-09-14.md; long-reads-2026-09-15/CONTEXT_256K_MEASUREMENTS.tsv; long-reads-2026-09-15/Inkling-Small_ctx262144.short.r1.json; long-reads-2026-09-15/Inkling-Small_ctx262144.deep.json; batch-sweep-2026-09-20/Inkling-Small_2048_ctx262144_3k.result; batch-sweep-2026-09-21/Inkling-Small_ctx262144_3k.result; batch-sweep-2026-09-20/Inkling-Small_2048.result; gate-records/inkling-small.json
3,"DeepSeek V4 Flash 0731, this desktop alone",DeepSeek,"Two presets: 8-bit UD-Q8_K_XL, 5 shards, 161,869,615,520 bytes (the default); 3-bit UD-IQ3_XXS as row 1, experts of 36 of 43 layers in system memory","262,144, the installed default for both presets: runs that passed no window were served it (2026-09-21). 8-bit -b/-ub 8192, 3-bit -b/-ub 4096","8-bit: 9.93 on a 209-token reply (2026-09-15); 9.37 on a 106-token answer after 150,324 tokens. 3-bit: 12.65 on a 59-token answer at 2,998 tokens; 11.79 on 86 tokens after 150,103","8-bit, -b/-ub 8192: 480.0 on 150,324 tokens at 262,144, and 607.1 on 48,073 at 131,072 (2026-09-20). 3-bit, -b/-ub 4096, at 262,144: 690.9 on 48,024 and 632.1 on 150,103","8-bit, at the defaults: 3 of 3 and the tool call at both legs; reading about 75.5 on 52,931 and 73.8 on 102,481; speaking 9.7 and 9.2 on 139 and 119-token answers (2026-09-12)",2026-09-21,measured,installed-windows-2026-09-21.txt; long-reads-2026-09-15/DeepSeek-V4-Flash-8bit-desktop_ctx262144.short.r1.json; batch-sweep-2026-09-20/DeepSeek-V4-Flash-8bit-desktop_verify-48k.out; batch-sweep-2026-09-20/DeepSeek-V4-Flash-8bit-desktop_verify-150k.out; batch-sweep-2026-09-21/DeepSeek-V4-Flash-3bit-desktop_4096_series.result; batch-sweep-2026-09-21/DeepSeek-V4-Flash-3bit-desktop_4096_150k.result; gate-records/deepseek-v4-flash-0731-one-machine.json
4,Qwen3.5-397B-A17B,Alibaba Group,"UD-IQ3_XXS, 4 shards, 149,840,422,542 bytes","131,072 at -b/-ub 4096; 262,144 on request at -b 2048 -ub 512, where the larger buffer would not fit","16.41 on an 11-token answer after 48,029 tokens; 12.84 on a 184-token paragraph at the 262,144 rung (2026-09-15)","932.2 on 48,029 tokens, -b/-ub 4096; 224.5 at the defaults","96K leg only: 3 of 3 and the tool call; reading about 195.2 on 103,266; speaking 19.1 on a 34-token answer (2026-09-13)",2026-09-21,measured,installed-windows-2026-09-21.txt; batch-sweep-2026-09-21/Qwen3.5-397B-A17B_4096.result; batch-sweep-2026-09-21/Qwen3.5-397B-A17B_skip.result; long-reads-2026-09-15/Qwen3.5-397B-A17B_ctx262144.short.r1.json; gate-records/qwen3.5-397b-a17b.json
5,Qwen3-235B-A22B Instruct 2507,Alibaba Group,"Q4_K_M, one file, 142,154,073,632 bytes, with a 0.6B draft model","131,072 at -b 4096 -ub 2048","5.51, 4.68, 4.22 on letters of about 350 words (478, 426 and 426 tokens) at 20,063, 60,180 and 99,864 tokens","741.8 on 20,063 tokens, 652.0 on 60,180, 542.1 on 99,864, -b 4096 -ub 2048; 703.3 on 48,020 (2026-09-21)","3 of 3 and the tool call at both legs; reading about 241.0 on 53,458 and 215.5 on 115,508; speaking 9.3 and 4.4 on 62-token answers (2026-09-12)",2026-09-26,measured,installed-windows-2026-09-21.txt; letters-2026-09-26/Qwen3-235B_2048.jsonl; batch-sweep-2026-09-21/Qwen3-235B-A22B-Instruct-2507_2048.result; gate-records/qwen3-235b-a22b-2507.json
6,Qwen3.5-122B-A10B,Alibaba Group,"UD-Q4_K_S, 3 shards, 73,428,564,992 bytes","131,072 at -b/-ub 4096; 262,144 on request at -b 2048 -ub 512, where the larger buffer would not fit","32.72 on a 716-token answer, most of it reasoning, after 48,027 tokens; 22.39 on a 188-token paragraph at the 262,144 rung (2026-09-15)","2,101.7 on 48,027 tokens, -b/-ub 4096; 520.2 at the defaults","48K leg only: 3 of 3 and the tool call; reading about 467.1 on 53,674; speaking 31.3 on a 240-token answer (2026-09-12)",2026-09-21,measured,installed-windows-2026-09-21.txt; batch-sweep-2026-09-21/Qwen3.5-122B-A10B_4096.result; batch-sweep-2026-09-21/Qwen3.5-122B-A10B_skip.result; long-reads-2026-09-15/Qwen3.5-122B-A10B_ctx262144.short.r1.json; gate-records/qwen3.5-122b-a10b.json
7,Qwen3.8-27B,Alibaba Group,"Dense, with a built-in draft head. UD-Q5_K_XL, 20,218,178,624 bytes","131,072 at llama.cpp's defaults, -b 2048 -ub 512","86.01 on paragraph replies (2026-09-12, better of two); 99.26 on a 106-token answer after 48,069 tokens","2,634.8 on 48,069 tokens at the defaults, kept; -ub 4096 would not load at this window","3 of 3 and the tool call at both legs; reading about 2,376.8 on 54,073 and 1,797.6 on 103,936; speaking 99.6 and 97.7 on 244 and 252-token answers (2026-09-13)",2026-09-21,measured,installed-windows-2026-09-21.txt; context-sweep-2026-09-12.tsv; batch-sweep-2026-09-21/Qwen3.8-27B_skip.result; batch-sweep-2026-09-21/Qwen3.8-27B_4096.log; gate-records/qwen3.8-27b.json
8,Ornith-1.5-35B-A3B,Ornith AI,"Q6_K, one file, 29,208,731,392 bytes. Installed 2026-09-16","131,072 at -b/-ub 4096","89.72 on a 198-token paragraph, thinking off (2026-09-16); 73.2 on an 83-token answer after 48,027 tokens","6,283.3 on 48,027 tokens, -b/-ub 4096; 1,649.22 on 120,334 at the defaults, 3 of 3 codes (2026-09-16)",not run through the framework,2026-09-21,measured,installed-windows-2026-09-21.txt; first-runs-2026-09-16/first-runs-2026-09-16.tsv; first-runs-2026-09-16/Ornith-1.5-35B_ctx131072.short.json; first-runs-2026-09-16/Ornith-1.5-35B_ctx131072.deep.json; batch-sweep-2026-09-21/Ornith-1.5-35B_4096.result
9,GLM-5.3-Flash,Z.ai,"UD-Q3_K_XL, 4 shards, 147,535,921,955 bytes. Installed 2026-09-16","131,072 at -b/-ub 4096","9.58 on a 181-token paragraph (2026-09-16); 9.12 on a 310-token answer after 48,168 tokens","425.1 on 48,168 tokens, -b/-ub 4096; 75.48 on 120,979 at the defaults, 3 of 3 codes (2026-09-16)",not run through the framework,2026-09-21,measured,installed-windows-2026-09-21.txt; first-runs-2026-09-16/first-runs-2026-09-16.tsv; first-runs-2026-09-16/GLM-5.3-Flash_ctx131072.short.json; first-runs-2026-09-16/GLM-5.3-Flash_ctx131072.deep.json; batch-sweep-2026-09-21/GLM-5.3-Flash_4096_series.result
10,Qwen3.6-27B,Alibaba Group,"Dense hybrid. Since 2026-09-26 a UD-Q5_K_XL build with a draft head, 20,350,682,240 bytes; the earlier UD-Q4_K_XL, 17,612,564,704 bytes, stays selectable","131,072 by the script's fallback; the installed knob may raise it; 262,144 was loaded on 26 September. -b 2048 -ub 512","At 262,144 (2026-09-26): 60.85, 46.66, 34.61 on letters of about 400 words (481, 527 and 526 tokens) at 20,067, 99,934 and 229,564 tokens","At 262,144, -b 2048 -ub 512: 3,162.8 on 20,067 tokens, 1,971.1 on 99,934, 1,165.6 on 229,564","The earlier file at 131,072: 3 of 3 and the tool call at both legs; reading about 2,739.7 on 53,177 and 2,066.0 on 102,680; speaking 62.0 and 55.2 on 291 and 1,004-token answers (2026-09-13)",2026-09-26,measured,installed-windows-2026-09-21.txt; letters-2026-09-26/Qwen3.6-27B_ctx262144_draft-off.result; letters-2026-09-26/Qwen3.6-27B_ctx262144_draft-off.jsonl; letters-2026-09-26/Qwen3.6-27B_ctx262144_draft-on.result; file-listing-2026-09-26.txt; gate-records/qwen3.6-27b.json
11,Qwen3.8-Flash-Next,Alibaba Group,"UD-Q3_K_XL, 3 shards, 89,986,353,824 bytes","262,144, the installed default: a run that passed no window was served it (2026-09-21); 8-bit cache since 2026-09-20; -b 4096 -ub 2048. 393,216 and 524,288 on request, same setting in the script; the reads at those windows were at the defaults, before the change","23.50 on a 32-token answer after 5,986 tokens; 13.08 on 32 tokens after 229,982 (2026-09-20, this window and cache)","At 262,144 with the 8-bit cache: 197.14 on 229,982 tokens and 236.50 on 5,986 at the defaults (2026-09-20); with -b 4096 -ub 2048, short reads only, 45.4 on 3,041 (2026-09-20) and 112.3 on 2,999 (2026-09-21). At 131,072 with that setting: 511.7 on 48,069 (2026-09-20)","96K leg only: 3 of 3 and the tool call; reading about 175.8 on 103,377; speaking 16.1 on a 301-token answer (2026-09-12)",2026-09-21,measured,installed-windows-2026-09-21.txt; qwen3.8-flash-next-2026-09-20/q8cache_short_control.result; qwen3.8-flash-next-2026-09-20/q8cache_ctx262144_deep.result; batch-sweep-2026-09-20/Qwen3.8-Flash-Next_2048_ctx262144_3k.result; batch-sweep-2026-09-21/Qwen3.8-Flash-Next_ctx262144_3k.result; batch-sweep-2026-09-20/Qwen3.8-Flash-Next_2048.result; qwen3.8-flash-next-2026-09-20/q8cache_ctx393216_deep.result; qwen3.8-flash-next-2026-09-20/q8cache_ctx524288_deep.result; gate-records/qwen3.8-flash-next-125b.json
12,GLM-4.7-Flash,Z.ai,"UD-Q4_K_XL, one file, 17,520,169,312 bytes","202,752, its own ceiling and the installed default (a run that passed no window, 2026-09-21); llama.cpp's defaults","227.43 on a 160-token paragraph at this window (2026-09-15); 129.6 on a 429-token answer, most of it reasoning, after 47,986 tokens","2,594.6 on 47,986 tokens at the defaults, kept","96K leg only: 3 of 3 and the tool call; reading about 1,406.6 on 105,183; speaking 99.0 on a 299-token answer (2026-09-12)",2026-09-21,measured,installed-windows-2026-09-21.txt; long-reads-2026-09-15/GLM-4.7-Flash_ctx202752.short.r1.json; batch-sweep-2026-09-21/GLM-4.7-Flash_skip.result; gate-records/glm-4.7-flash-31b.json
13,GLM-4.7 Full,Z.ai,"IQ3_XXS, 3 shards, 145,120,517,024 bytes","131,072 with a 5-bit cache, as served on 2026-09-12; llama.cpp's defaults","5.51 on paragraph replies (2026-09-12, better of two, before a draft head was switched on)","61.36 on 20,221 tokens at the defaults (2026-09-12)","3 of 3 codes at both legs; the tool call worked at 48K and failed at 96K, so the check failed; reading about 58.6 on 54,138 and 58.5 on 105,333; speaking 3.8 and 3.1 on 30-token answers (2026-09-12)",2026-09-12,measured,file-listing-2026-09-26.txt; context-sweep-2026-09-12.tsv; gate-records/glm-4.7-full-358b.json
14,Gemma-4-26B-A4B,Google,"UD-Q4_K_XL, one file, 17,010,980,576 bytes","262,144, the installed default (a run that passed no window, 2026-09-21); llama.cpp's defaults","202.64 on a 163-token paragraph at this window (2026-09-15); 163.68 on an 11-token answer after 47,983 tokens","8,972.3 on 47,983 tokens at the defaults, kept; 3,799.69 on 230,855 (2026-09-15)","3 of 3 and the tool call at both legs; reading about 6,726.8 on 53,209 and 5,048.5 on 102,635; speaking 124.1 and 97.3 on 36-token answers (2026-09-12)",2026-09-21,measured,installed-windows-2026-09-21.txt; long-reads-2026-09-15/Gemma-4-26B-A4B_ctx262144.short.r1.json; long-reads-2026-09-15/Gemma-4-26B-A4B_ctx262144.deep.json; batch-sweep-2026-09-21/Gemma-4-26B-A4B_skip.result; gate-records/gemma-4-26b-a4b.json
15,Gemma-4-31B IT QAT,Google,"Dense, q4_0 quantization-aware build, one file, 17,651,001,568 bytes","131,072; llama.cpp's defaults","73.68 on paragraph replies (2026-09-12, better of two); 56.45 on an 11-token answer after 47,983 tokens","2,687.5 on 47,983 tokens at the defaults, kept","3 of 3 and the tool call at both legs; reading about 2,075.4 on 53,213 and 1,620.5 on 102,640; speaking 47.4 and 41.9 on 36-token answers (2026-09-12)",2026-09-21,measured,installed-windows-2026-09-21.txt; context-sweep-2026-09-12.tsv; batch-sweep-2026-09-21/gemma-4-31b-it-qat_skip.result; gate-records/gemma-4-31b-it-qat.json
16,Ling-3.0-flash,inclusionAI,"Q4_K_M, 2 shards, 77,804,990,144 bytes, MIT licence","262,144, the installed default (a run that passed no window, 2026-09-21); -b 4096 -ub 2048","29.57 on a 172-token paragraph at this window (2026-09-15); 23.25 on a 77-token answer after 47,986 tokens; 22.6 on 135 tokens after 149,711","727.7 on 47,986 tokens and 694.6 on 149,711, -b 4096 -ub 2048","3 of 3 and the tool call at both legs; reading about 202.6 on 53,718 and 204.9 on 103,807; speaking 24.0 and 23.8 on 173 and 243-token answers (2026-09-13)",2026-09-21,measured,installed-windows-2026-09-21.txt; batch-sweep-2026-09-21/Ling-3.0-flash_skip.result; long-reads-2026-09-15/Ling-3.0-flash_ctx262144.short.r1.json; batch-sweep-2026-09-21/Ling-3.0-flash_2048_series.result; gate-records/ling-3.0-flash.json
17,Mistral Small 4 119B,Mistral AI,"UD-Q4_K_M, 3 shards, 73,763,180,544 bytes","131,072 at -b/-ub 8192; 262,144 on request at -b 2048 -ub 512, where the larger buffer would not fit","29.55 on a 249-token paragraph at the 262,144 rung (2026-09-15); 20.97 on an 11-token answer after 48,697 tokens","2,192.3 on 48,697 tokens, -b/-ub 8192; 481.3 at the defaults","3 of 3 and the tool call at both legs; reading about 463.3 on 52,820 and 421.6 on 101,684; speaking 23.5 and 21.7 on 40 and 39-token answers (2026-09-12)",2026-09-21,measured,installed-windows-2026-09-21.txt; long-reads-2026-09-15/Mistral-Small-4_ctx262144.short.r1.json; batch-sweep-2026-09-21/Mistral-Small-4_8192.result; batch-sweep-2026-09-21/Mistral-Small-4_skip.result; gate-records/mistral-small-4-119b.json
18,MiniMax M2.7,MiniMax,"UD-IQ4_XS, 4 shards, 108,413,781,312 bytes. Installed 2026-09-21","131,072 at -b/-ub 4096; 196,608 on request at -b 4096 -ub 1024, every expert in system memory","9.73 on a prose reply of 1,313 characters, 1,522 tokens with its hidden reasoning, after a 70-token prompt (2026-09-13, every expert in system memory); 9.83 on a 32-token answer after 43,909 tokens (2026-09-19)","656.5 on 43,909 tokens, -b/-ub 4096, experts of 59 of 62 layers in system memory (2026-09-19)","3 of 3 and the tool call at both legs; reading about 529.2 on 53,584 and 460.2 on 103,931; speaking 8.6 and 7.2 on 180 and 182-token answers (2026-09-21)",2026-09-21,measured,installed-windows-2026-09-21.txt; minimax-m2.7/2026-09-13_ctx131072_q8_0.server.log; minimax-m2.7/2026-09-13_extract.txt; minimax-m2.7/2026-09-19_one_ub4096_59_ctx131072.json; minimax-m2.7/2026-09-19_one_ub1024_cmoe_ctx196608.json; gate-records/minimax-m2.7-2026-09-21.json
19,MiniMax M3,MiniMax,"Since 2026-09-21 a Q2_K_L file that carries the model's sparse-attention index, 4 shards, 153,086,988,768 bytes","131,072 at -b 4096 -ub 2048; 196,608 on request at -b 4096 -ub 512","8.90 on an 82-token answer at 3,680 tokens; 8.29 on a 165-token answer after 58,307 tokens (2026-09-20)","208.11 on 58,307 tokens, -ub 2048, 3 of 3 codes (2026-09-20); 186.8 on 3,009 through the model manager (2026-09-21)",not run through the framework,2026-09-21,measured,file-listing-2026-09-26.txt; minimax-m3/2026-09-20_q2kl_ctx131072_ub2048.server.log; minimax-m3/2026-09-20_q2kl_needle_58k.json; batch-sweep-2026-09-21/MiniMax-M3_model-manager_3k.result; minimax-m3/2026-09-20_q2kl_ctx262144_attempts.log; minimax-m3/2026-09-20_q2kl_ctx196608_ub512.server.log
20,Laguna S 2.1,Poolside,"Q4_K_M, one file, 68,248,759,648 bytes","262,144, the start script's own default since 2026-09-21; -b 8192 -ub 4096","15.74 and 14.69 on short answers after 24,013 and 150,158 tokens; 12.73 on a 35-token answer after 200,098","898.8 on 24,013 tokens and 911.6 on 150,158 through the model manager; 866.1 on 200,098; -ub 4096",not run through the framework,2026-09-21,measured,file-listing-2026-09-26.txt; batch-sweep-2026-09-21/Laguna-S-2.1_ctx262144_model-manager.result; batch-sweep-2026-09-21/Laguna-S-2.1_ctx262144_4096_series.result; batch-sweep-2026-09-21/Laguna-S-2.1_baseline_ub128.result; batch-sweep-2026-09-21/Laguna-S-2.1_8192.result
21,Muse Glimmer 30B,Meta,"Q4_K_M, one file, 16,756,683,904 bytes, with a block drafter: a companion model that proposes several tokens at once","131,072; llama.cpp's defaults","193.65 on a 139-token answer, most of it reasoning, after 48,090 tokens","2,737.7 on 48,090 tokens at the defaults, kept",not run through the framework,2026-09-21,measured,installed-windows-2026-09-21.txt; batch-sweep-2026-09-21/Muse-Glimmer-30B_skip.result
22,Mistral Medium 3.5,Mistral AI,"Dense, 128B. UD-Q4_K_XL, 3 shards, with a 3B draft model patched to its vocabulary","32,768 in the start script's default profile, at -b 4096 -ub 1024","No September figure for this configuration. It was started for the framework check on 2026-09-12 and did not answer within the check's timeout. A different, smaller file of this model ran split across two machines on 16 September; that run is on the two-machine study, not here.",,,none in September,no September figure,file-listing-2026-09-26.txt; tool-recall-wave1-2026-09-12.tsv; gate-records/mistral-medium-3.5-128b.json; file-listing-2026-09-26.txt
23,Mistral Large 3 675B,Mistral AI,"UD-IQ1_S, 4 shards","32,768, the largest its start script accepts, at -b 4096 -ub 2048",No September figure. It was not included in any September run.,,,none in September,no September figure,file-listing-2026-09-26.txt; file-listing-2026-09-26.txt
