n,our_records_said,where_that_stood,what_the_logs_show,on_the_page_now,files_in_this_package
1,Qwen3-235B speaks at 8.2 tokens a second (21 September),"our operator records, 21 September (not published)","That was an 11-token answer. On letters of about 350 words it speaks 5.51, 4.68 and 4.22 at 20,063, 60,180 and 99,864 tokens",The letters (row 5),batch-sweep-2026-09-21/Qwen3-235B-A22B-Instruct-2507_2048.result; batch-sweep-2026-09-21/Qwen3-235B-A22B-Instruct-2507_2048.log; letters-2026-09-26/Qwen3-235B_2048.jsonl
2,"Qwen3.5-397B is the fastest-reading large model, at 385","our operator records and the model's own spec card, from August (not published)","By our own records, the 385 was a 2,617-token prompt at a 64K window, measured in August. At the served window the batch-size sweep reads 224.5 at the defaults and 932.2 at -b/-ub 4096 on 48,029 tokens, and Qwen3-235B reads faster than it at depth on the framework's 96K leg (215.5 against 195.2, estimates)","The measured figures, with their prompt sizes (row 4)",batch-sweep-2026-09-21/Qwen3.5-397B-A17B_skip.result; batch-sweep-2026-09-21/Qwen3.5-397B-A17B_4096.result; gate-records/qwen3-235b-a22b-2507.json; gate-records/qwen3.5-397b-a17b.json
3,GLM-4.7 Full passed the framework check,our operator records until 20 September (not published),"Its record's verdict is a failure: the tool call at 96,000 tokens failed",A failed check (row 13); the 15 September list already printed it as partial,gate-records/glm-4.7-full-358b.json; tool-recall-wave1-2026-09-12.tsv
4,MiniMax M3 reads at 194 tokens a second at depth,"our operator records and a start-script comment, 20 to 21 September (not published)","194 is 58,307 tokens divided by the whole request's 300.2 seconds, answer included. The server's own timing is 208.11",208.11 (row 19),minimax-m3/2026-09-20_q2kl_needle_58k.json; minimax-m3/2026-09-20_q2kl_ctx131072_ub2048.server.log
5,"MiniMax M2.7 reads 45.6 on a 4,000-token prompt",the 13 September session results (not published),"The probe was named for about 4,000 tokens and sent 6,776, at an inherited -ub 128","6,776 tokens, the setting, and the later figures (row 18)",minimax-m2.7/2026-09-13_extract.txt; minimax-m2.7/2026-09-13_ctx65536_f16.server.log
6,Laguna S 2.1 reads at 72 tokens a second,our operator records until 21 September (not published),"Its script had hard-coded -b 512 -ub 128; at -b/-ub 8192 the same read ran at 1,434.0, both at the old 32,768 window. At the 262,144 window it now serves it reads 898.8 on 24,013 tokens at -b 8192 -ub 4096",The window and setting it now serves (row 20),batch-sweep-2026-09-21/Laguna-S-2.1_baseline_ub128.result; batch-sweep-2026-09-21/Laguna-S-2.1_8192.result
7,"Qwen3.8-Flash-Next reads at 511.7 with its current setting, and at the window it serves had only a 45.4 on a 3,041-token read","our operator records and a start-script comment, 20 to 26 September (not published)","The 511.7 was a 48,069-token read at a 131,072 window. The 45.4 was the first request after a start (load 65 s). At the 262,144 window it serves, with -b 4096 -ub 2048, after the server's first request and with 57.7 to 60.1 GB of the 90 GB file in memory, it reads 517.6 on 3,019 tokens, 660.6 on 48,075 and 535.4 on 229,981, against 255.7, 240.2 and 205.5 at llama.cpp's defaults (26 September)",The served-window figures (row 11),batch-sweep-2026-09-20/Qwen3.8-Flash-Next_2048.result; batch-sweep-2026-09-20/Qwen3.8-Flash-Next_2048_ctx262144_3k.result; qwen3.8-flash-next-2026-09-26/shipped_b4096_ub2048.jsonl; qwen3.8-flash-next-2026-09-26/default_b2048_ub512.jsonl; qwen3.8-flash-next-2026-09-26/run_fn.out
8,The two-machine DeepSeek speaks at 15.9 to 17.1,"the 15 September list, ROSTER_22.csv row 1","That band is 13 September at a 131,072 window. At a 262,144 window on 21 September: 14.73 on a 400-token reply at 2,998 tokens and 12.05 at 48,024 (14.76 and 12.04 on the short code answers)",The 21 September figures (row 1),ROSTER_22.csv; batch-sweep-2026-09-21/DeepSeek-V4-Flash-pair_512_series.result
9,"The 15 September list: 22 endpoints, all at 128K, seven listed without speeds","the 15 September list, ROSTER_22.csv","Three added, two retired; seven rows now serve 202,752 or 262,144 by default, shown by a run that passed no window; Qwen3.8-27B was installed at 262,144 on 26 September; two more loaded 262,144 when it was passed; two rows without a September figure","23 rows, each with its served window",ROSTER_22.csv; ROSTER_23.csv
