roster_model	model	verdict	served_ctx	load_s	vram_mib	t0_tools	t1_ttft_s	t1_decode_tps	t2_tool	t3_roundtrip	l64_tokens	l64_hits	l64_tool	l64_ttft_s	l64_prefill_tps	l64_decode_tps	l128_tokens	l128_hits	l128_tool	l128_ttft_s	l128_prefill_tps	l128_decode_tps	l128_skipped	fails
Gemma-4-26B-A4B	Gemma 4 26B MoE	PASS	131072	12.0	20804	True	0.93	35.3	True	True	47740	3	True	7.77	6848.4	121.2	107983	3	True	25.97	4454.3	987.9	None	
Qwen3-235B-A22B Instruct 2507	Qwen3-235B-2507 Instruct	PASS	131072	225.2	28484	True	19.04	5.6	True	True	47891	3	True	221.8	241.0	9.3	107899	3	True	535.99	215.5	4.4	None	
DeepSeek V4 Flash 0731, this desktop alone	DeepSeek V4 Flash 0731	PASS	65536	213.1	16163	True	66.81	9.3	True	True	46776	3	True	707.66	74.1	9.2	None	None	None	None	None	None	served n_ctx 65536 < 131072	
GLM-4.7-Flash 31B	GLM-4.7-Flash 31B	FAIL	131072	30.0	25075	True	0.99	136.0	True	True	47950	3	True	25.53	2317.8	118.1	107773	0	True	None	1234.0	74.5	None	l128 recall 0/3
Qwen3.5-122B-A10B	Qwen3.5-122B	PASS	65536	110.1	25471	True	10.72	27.8	True	True	46737	3	True	118.77	466.7	30.9	None	None	None	None	None	None	served n_ctx 65536 < 131072 (the run's leg was invalid: a harness slip seeded 96K into a 64K window)	
Qwen3.8-Flash-Next 125B	Qwen3.8 Flash-Next 125B	PASS	131072	60.0	11535	True	34.25	18.9	True	True	47519	3	True	297.72	184.3	17.3	95617	3	True	588.85	177.6	16.3	None	
Gemma-4-31B IT QAT	Gemma 4 31B	PASS	131072	45.0	30026	True	2.38	16.7	True	True	47978	3	True	25.51	2086.0	45.6	95956	3	True	68.1	1507.2	40.0	None	
Mistral Medium 3.5 128B	Mistral Medium 3.5 128B	FAIL	None	None	None	None	None	None	False	False	None	None	None	None	None	None	None	None	None	None	None	None	None	S no /health ok before timeout
Mistral Small 4 119B	Mistral Small 4 119B	PASS	131072	113.5	27206	True	8.78	16.7	True	True	47751	3	True	114.0	463.3	23.5	95502	3	True	241.2	421.6	21.7	None	
