public_label,task,indented_PASS_lines,indented_FAIL_lines,unindented_PASS_or_FAIL_summary_lines,unittest_tests_ran,last_line_first_word
deepseek-v4-flash-two-box/task-a,A,18,0,1,,PASS
deepseek-v4-flash-two-box/task-a-lost,A,,,,,no test output (run lost before verification)
glm-5.3-flash/task-a,A,18,0,1,,PASS
ornith-1.5-35b/task-a,A,18,0,1,,PASS
ornith-1.5-397b/task-a,A,18,0,1,,PASS
qwen3.8-27b/task-a,A,18,0,1,,PASS
deepseek-v4-flash-two-box/task-b,B,23,0,1,,PASS
deepseek-v4-flash-two-box/task-b-rerun,B,16,7,1,,FAIL
glm-5.3-flash/task-b,B,23,0,1,,PASS
ornith-1.5-35b/task-b,B,23,0,1,,PASS
ornith-1.5-35b/task-b-void,B,8,6,1,,FAIL
ornith-1.5-397b/task-b,B,23,0,1,,PASS
qwen3.8-27b/task-b,B,23,0,1,,PASS
deepseek-v4-flash-two-box/task-c,C,23,0,1,,PASS
deepseek-v4-flash-two-box/task-c-rerun,C,23,0,1,,PASS
glm-5.3-flash/task-c,C,23,0,1,,PASS
ornith-1.5-35b/task-c,C,23,0,1,,PASS
ornith-1.5-35b/task-c-void,C,14,5,1,,FAIL
ornith-1.5-397b/task-c,C,23,0,1,,PASS
qwen3.8-27b/task-c,C,23,0,1,,PASS
deepseek-v4-flash-two-box/task-d,D,0,0,0,11,OK
glm-5.3-flash/task-d,D,0,0,0,14,OK
ornith-1.5-35b/task-d,D,0,0,0,12,OK
ornith-1.5-397b/task-d,D,0,0,0,15,OK
qwen3.8-27b/task-d,D,0,0,0,12,OK
