public_label,step,step_finished_local,input_tokens,output_tokens,reasoning_tokens,finish_reason
deepseek-v4-flash-two-box/task-a-lost,1,2026-09-16T08:53:44.460-04:00,11500,190,0,tool-calls
deepseek-v4-flash-two-box/task-a-lost,2,2026-09-16T08:54:57.657-04:00,7546,117,0,tool-calls
deepseek-v4-flash-two-box/task-a-lost,3,2026-09-16T08:55:27.228-04:00,1491,179,0,tool-calls
deepseek-v4-flash-two-box/task-a-lost,4,2026-09-16T09:01:49.167-04:00,30214,175,0,tool-calls
deepseek-v4-flash-two-box/task-a-lost,5,2026-09-16T09:02:30.163-04:00,1745,126,0,tool-calls
deepseek-v4-flash-two-box/task-a-lost,6,2026-09-16T09:03:37.200-04:00,1154,537,0,tool-calls
deepseek-v4-flash-two-box/task-a-lost,7,2026-09-16T09:04:51.404-04:00,3056,246,0,tool-calls
deepseek-v4-flash-two-box/task-a-lost,8,2026-09-16T09:09:13.339-04:00,570,2942,0,tool-calls
deepseek-v4-flash-two-box/task-a-lost,9,2026-09-16T09:09:48.060-04:00,203,342,0,tool-calls
deepseek-v4-flash-two-box/task-a-lost,10,2026-09-16T09:10:34.685-04:00,15,527,0,tool-calls
deepseek-v4-flash-two-box/task-a-lost,11,2026-09-16T09:11:05.485-04:00,15,349,0,tool-calls
deepseek-v4-flash-two-box/task-a-lost,12,2026-09-16T09:11:33.040-04:00,15,308,0,tool-calls
deepseek-v4-flash-two-box/task-a-lost,13,2026-09-16T09:11:44.147-04:00,15,112,0,tool-calls
deepseek-v4-flash-two-box/task-a-lost,14,2026-09-16T09:12:08.644-04:00,693,111,0,tool-calls
deepseek-v4-flash-two-box/task-a-lost,15,2026-09-16T09:13:11.442-04:00,1228,425,0,tool-calls
deepseek-v4-flash-two-box/task-a-lost,16,2026-09-16T09:14:19.022-04:00,74,740,0,stop
deepseek-v4-flash-two-box/task-a,1,2026-09-16T09:32:30.834-04:00,11505,200,0,tool-calls
deepseek-v4-flash-two-box/task-a,2,2026-09-16T09:33:49.973-04:00,7548,211,0,tool-calls
deepseek-v4-flash-two-box/task-a,3,2026-09-16T09:37:13.631-04:00,16784,265,0,tool-calls
deepseek-v4-flash-two-box/task-a,4,2026-09-16T09:37:51.064-04:00,1904,127,0,tool-calls
deepseek-v4-flash-two-box/task-a,5,2026-09-16T09:38:57.165-04:00,3367,227,0,tool-calls
deepseek-v4-flash-two-box/task-a,6,2026-09-16T09:39:55.402-04:00,1798,368,0,tool-calls
deepseek-v4-flash-two-box/task-a,7,2026-09-16T09:44:40.032-04:00,214,3441,0,tool-calls
deepseek-v4-flash-two-box/task-a,8,2026-09-16T09:45:48.089-04:00,250,758,0,tool-calls
deepseek-v4-flash-two-box/task-a,9,2026-09-16T09:46:13.904-04:00,15,301,0,tool-calls
deepseek-v4-flash-two-box/task-a,10,2026-09-16T09:46:40.219-04:00,15,306,0,tool-calls
deepseek-v4-flash-two-box/task-a,11,2026-09-16T09:46:50.884-04:00,15,114,0,tool-calls
deepseek-v4-flash-two-box/task-a,12,2026-09-16T09:47:12.661-04:00,657,114,0,tool-calls
deepseek-v4-flash-two-box/task-a,13,2026-09-16T09:48:01.633-04:00,646,439,0,stop
