public_label,events_with_timestamps,longest_gap_between_consecutive_events_seconds,step_input_tokens_max,step_output_tokens_max
deepseek-v4-flash-two-box/task-a,52,279.2,16784,3441
deepseek-v4-flash-two-box/task-a-lost,60,367.6,30214,2942
deepseek-v4-flash-two-box/task-b,39,117.0,8124,1671
deepseek-v4-flash-two-box/task-b-rerun,52,191.2,8129,2700
deepseek-v4-flash-two-box/task-c,46,74.5,8026,1073
deepseek-v4-flash-two-box/task-c-rerun,54,72.1,8030,1043
deepseek-v4-flash-two-box/task-d,110,52.9,7815,765
glm-5.3-flash/task-a,57,992.8,30290,9119
glm-5.3-flash/task-b,55,551.6,7826,5263
glm-5.3-flash/task-c,51,148.3,7721,1398
glm-5.3-flash/task-d,100,149.5,7520,1419
ornith-1.5-35b/task-a,61,126.6,40008,11147
ornith-1.5-35b/task-b,101,64.4,8232,6261
ornith-1.5-35b/task-b-void,0,,,
ornith-1.5-35b/task-c,47,12.9,8107,1298
ornith-1.5-35b/task-c-void,0,,,
ornith-1.5-35b/task-d,109,28.2,7888,2712
ornith-1.5-397b/task-a,62,1094.0,35850,12256
ornith-1.5-397b/task-b,70,870.1,8240,9958
ornith-1.5-397b/task-c,65,200.1,11187,2236
ornith-1.5-397b/task-d,113,202.5,7909,2316
qwen3.8-27b/task-a,74,33.2,11609,2896
qwen3.8-27b/task-b,46,52.6,8244,5751
qwen3.8-27b/task-c,44,19.9,8124,1906
qwen3.8-27b/task-d,88,14.8,7922,1375
