public_label,task,sha256_of_final_diff_without_git_index_lines
deepseek-v4-flash-two-box/task-a,A,0db9e039ce32026b64647c0d63051b76b17ede1b16354ceecc4e5e456094ba65
glm-5.3-flash/task-a,A,f7ce6095c762bce8339c9283f57f0de8f8596a5d10fc4eb194d4d5f5856b61a6
ornith-1.5-35b/task-a,A,43ee5f16d3570e963d38b8292620a735521f84627c0a8b52f032a1699f870a73
ornith-1.5-397b/task-a,A,8f58d5f36ab38230889774a6fded99f8ac160c8ce28285587a61ecc7c92c7947
qwen3.8-27b/task-a,A,304122d92437cd67262f10098083738532dc0032300eb427a13ac121e71157df
deepseek-v4-flash-two-box/task-b,B,f4720833d19207a8335af34860ed46c777df52025f27b9cd254f119de36d4c0a
deepseek-v4-flash-two-box/task-b-rerun,B,f2bdac5a01b13affa452b5dc5179f46f502f81021cb4c6798cc28352b983298a
glm-5.3-flash/task-b,B,f4720833d19207a8335af34860ed46c777df52025f27b9cd254f119de36d4c0a
ornith-1.5-35b/task-b,B,f4720833d19207a8335af34860ed46c777df52025f27b9cd254f119de36d4c0a
ornith-1.5-397b/task-b,B,f4720833d19207a8335af34860ed46c777df52025f27b9cd254f119de36d4c0a
qwen3.8-27b/task-b,B,f4720833d19207a8335af34860ed46c777df52025f27b9cd254f119de36d4c0a
deepseek-v4-flash-two-box/task-c,C,25514b9945f997e6452315b68805b6b31475b0149743d0520adb858823bbc3e2
deepseek-v4-flash-two-box/task-c-rerun,C,98e15eaa2ba372ca01ae4cd3b8dfbf874c2ce1eae06e096d517347693aa5e043
glm-5.3-flash/task-c,C,cd7251eed52d2ee371ca320246efa2177126c5fdc6378c2292fc7925f5ff447c
ornith-1.5-35b/task-c,C,830bd4b67d2d232faf22bb1f9281adab7f58b278709eb83153869bb11e131146
ornith-1.5-397b/task-c,C,5dfd1b9e3fa7575da4c49861e6b7edf9d1836b9602bd0b426b524b16e2057432
qwen3.8-27b/task-c,C,21d8f59128b4abed423f18a215cab724e7cb2af45e66fda7e91cc154116d8a50
deepseek-v4-flash-two-box/task-d,D,618383370ba6d6afda15d38e8b383945d3648bbddaa6c9739383197b90a50810
glm-5.3-flash/task-d,D,373f97d4ddfce41244703e89b2a0a50073bcbd64a684d1d699094458f3b0f1a1
ornith-1.5-35b/task-d,D,6fd42aa756e48b791623d14a90b8577dfaffadfa3f5075fe8fe5b9f5e19e9bcc
ornith-1.5-397b/task-d,D,c8d7429629c8c55b9cf9187e01fc50ecce9000f0a9cb8a8ef6aaf5eca5a157b8
qwen3.8-27b/task-d,D,b55170590061c5a12b845a649d999f578a9102a454482655714e44129dd2f3ad
