public_label,harness_started,harness_finished,opencode_log_first,opencode_log_init,opencode_log_session_created,init_to_created_seconds,opencode_log_last,events_first,events_last,startup_guard_in_harness
qwen3.8-27b/task-d,2026-09-16T01:06:14-04:00,2026-09-16T01:07:57-04:00,2026-09-16T01:06:14.566-04:00,2026-09-16T01:06:14.713-04:00,2026-09-16T01:06:14.789-04:00,0.076,2026-09-16T01:07:57.038-04:00,2026-09-16T01:06:18.211-04:00,2026-09-16T01:07:57.021-04:00,no
qwen3.8-27b/task-a,2026-09-16T01:07:57-04:00,2026-09-16T01:10:38-04:00,2026-09-16T01:07:57.674-04:00,2026-09-16T01:07:57.749-04:00,2026-09-16T01:07:57.823-04:00,0.074,2026-09-16T01:10:38.463-04:00,2026-09-16T01:08:03.491-04:00,2026-09-16T01:10:38.442-04:00,no
qwen3.8-27b/task-b,2026-09-16T01:11:56-04:00,2026-09-16T01:13:47-04:00,2026-09-16T01:11:56.890-04:00,2026-09-16T01:11:56.967-04:00,2026-09-16T01:12:09.230-04:00,12.263,2026-09-16T01:13:47.179-04:00,2026-09-16T01:12:12.698-04:00,2026-09-16T01:13:47.164-04:00,no
qwen3.8-27b/task-c,2026-09-16T01:13:47-04:00,2026-09-16T01:15:00-04:00,2026-09-16T01:13:47.951-04:00,2026-09-16T01:13:48.026-04:00,2026-09-16T01:13:48.099-04:00,0.073,2026-09-16T01:15:00.807-04:00,2026-09-16T01:13:52.746-04:00,2026-09-16T01:15:00.787-04:00,no
ornith-1.5-35b/task-d,2026-09-16T01:15:28-04:00,2026-09-16T01:18:32-04:00,2026-09-16T01:15:29.156-04:00,2026-09-16T01:15:29.233-04:00,2026-09-16T01:15:29.310-04:00,0.077,2026-09-16T01:18:32.874-04:00,2026-09-16T01:15:35.603-04:00,2026-09-16T01:18:32.861-04:00,no
ornith-1.5-35b/task-a,2026-09-16T01:18:33-04:00,2026-09-16T01:22:46-04:00,2026-09-16T01:18:33.463-04:00,2026-09-16T01:18:33.542-04:00,2026-09-16T01:18:33.617-04:00,0.075,2026-09-16T01:22:45.965-04:00,2026-09-16T01:18:42.031-04:00,2026-09-16T01:22:45.937-04:00,no
ornith-1.5-35b/task-b-void,2026-09-16T01:25:46-04:00,2026-09-16T02:25:46-04:00,2026-09-16T01:25:46.929-04:00,2026-09-16T01:25:47.005-04:00,never,,2026-09-16T01:25:47.005-04:00,,,no
ornith-1.5-35b/task-c-void,2026-09-16T02:25:46-04:00,2026-09-16T03:25:46-04:00,2026-09-16T02:25:47.258-04:00,2026-09-16T02:25:47.334-04:00,never,,2026-09-16T02:25:47.334-04:00,,,no
ornith-1.5-35b/task-b,2026-09-16T04:24:31-04:00,2026-09-16T04:27:49-04:00,2026-09-16T04:24:32.116-04:00,2026-09-16T04:24:32.189-04:00,2026-09-16T04:24:32.264-04:00,0.075,2026-09-16T04:27:49.876-04:00,2026-09-16T04:24:37.969-04:00,2026-09-16T04:27:49.853-04:00,yes
ornith-1.5-35b/task-c,2026-09-16T04:27:50-04:00,2026-09-16T04:29:07-04:00,2026-09-16T04:27:50.632-04:00,2026-09-16T04:27:50.706-04:00,2026-09-16T04:27:50.781-04:00,0.075,2026-09-16T04:29:07.084-04:00,2026-09-16T04:27:56.941-04:00,2026-09-16T04:29:07.069-04:00,yes
deepseek-v4-flash-two-box/task-d,2026-09-16T08:40:29-04:00,2026-09-16T08:52:14-04:00,2026-09-16T08:40:30.159-04:00,2026-09-16T08:40:30.237-04:00,2026-09-16T08:40:30.318-04:00,0.081,2026-09-16T08:52:14.552-04:00,2026-09-16T08:41:20.798-04:00,2026-09-16T08:52:14.529-04:00,yes
deepseek-v4-flash-two-box/task-a-lost,,,2026-09-16T08:52:15.141-04:00,2026-09-16T08:52:15.223-04:00,2026-09-16T08:52:15.309-04:00,0.086,2026-09-16T09:14:19.043-04:00,2026-09-16T08:53:31.404-04:00,2026-09-16T09:14:19.022-04:00,yes
deepseek-v4-flash-two-box/task-b,2026-09-16T09:14:19-04:00,2026-09-16T09:20:28-04:00,2026-09-16T09:14:19.587-04:00,2026-09-16T09:14:19.661-04:00,2026-09-16T09:14:19.737-04:00,0.076,2026-09-16T09:20:28.704-04:00,2026-09-16T09:15:14.034-04:00,2026-09-16T09:20:28.682-04:00,yes
deepseek-v4-flash-two-box/task-c,2026-09-16T09:20:29-04:00,2026-09-16T09:28:22-04:00,2026-09-16T09:20:29.487-04:00,2026-09-16T09:20:29.563-04:00,2026-09-16T09:20:29.641-04:00,0.078,2026-09-16T09:28:22.212-04:00,2026-09-16T09:21:21.830-04:00,2026-09-16T09:28:22.191-04:00,yes
deepseek-v4-flash-two-box/task-a,2026-09-16T09:31:01-04:00,2026-09-16T09:48:01-04:00,2026-09-16T09:31:02.280-04:00,2026-09-16T09:31:02.356-04:00,2026-09-16T09:31:02.435-04:00,0.079,2026-09-16T09:48:01.660-04:00,2026-09-16T09:32:16.938-04:00,2026-09-16T09:48:01.633-04:00,yes
ornith-1.5-397b/task-d,2026-09-16T09:52:07-04:00,2026-09-16T10:12:17-04:00,2026-09-16T09:52:08.539-04:00,2026-09-16T09:52:08.683-04:00,2026-09-16T09:52:08.759-04:00,0.076,2026-09-16T10:12:17.871-04:00,2026-09-16T09:52:57.424-04:00,2026-09-16T10:12:17.854-04:00,yes
ornith-1.5-397b/task-a,2026-09-16T10:12:18-04:00,2026-09-16T10:44:18-04:00,2026-09-16T10:12:18.444-04:00,2026-09-16T10:12:18.521-04:00,2026-09-16T10:12:18.599-04:00,0.078,2026-09-16T10:44:18.650-04:00,2026-09-16T10:13:27.679-04:00,2026-09-16T10:44:18.627-04:00,yes
ornith-1.5-397b/task-b,2026-09-16T10:44:19-04:00,2026-09-16T11:11:47-04:00,2026-09-16T10:44:20.025-04:00,2026-09-16T10:44:20.100-04:00,2026-09-16T10:44:20.176-04:00,0.076,2026-09-16T11:11:47.395-04:00,2026-09-16T10:45:10.477-04:00,2026-09-16T11:11:47.379-04:00,yes
ornith-1.5-397b/task-c,2026-09-16T11:11:47-04:00,2026-09-16T11:26:52-04:00,2026-09-16T11:11:48.168-04:00,2026-09-16T11:11:48.241-04:00,2026-09-16T11:11:48.316-04:00,0.075,2026-09-16T11:26:52.847-04:00,2026-09-16T11:12:37.665-04:00,2026-09-16T11:26:52.830-04:00,yes
glm-5.3-flash/task-d,2026-09-16T11:29:06-04:00,2026-09-16T11:49:18-04:00,2026-09-16T11:29:07.363-04:00,2026-09-16T11:29:07.479-04:00,2026-09-16T11:29:07.558-04:00,0.079,2026-09-16T11:49:18.913-04:00,2026-09-16T11:31:16.595-04:00,2026-09-16T11:49:18.896-04:00,yes
glm-5.3-flash/task-a,2026-09-16T11:49:19-04:00,2026-09-16T12:29:30-04:00,2026-09-16T11:49:19.490-04:00,2026-09-16T11:49:19.568-04:00,2026-09-16T11:49:19.646-04:00,0.078,2026-09-16T12:29:30.384-04:00,2026-09-16T11:52:09.624-04:00,2026-09-16T12:29:30.361-04:00,yes
glm-5.3-flash/task-b,2026-09-16T12:29:31-04:00,2026-09-16T12:51:50-04:00,2026-09-16T12:29:31.788-04:00,2026-09-16T12:29:31.865-04:00,2026-09-16T12:29:31.947-04:00,0.082,2026-09-16T12:51:50.092-04:00,2026-09-16T12:31:28.728-04:00,2026-09-16T12:51:50.078-04:00,yes
glm-5.3-flash/task-c,2026-09-16T12:51:50-04:00,2026-09-16T13:10:06-04:00,2026-09-16T12:51:50.930-04:00,2026-09-16T12:51:51.005-04:00,2026-09-16T12:51:51.086-04:00,0.081,2026-09-16T13:10:06.659-04:00,2026-09-16T12:53:46.155-04:00,2026-09-16T13:10:06.643-04:00,yes
deepseek-v4-flash-two-box/task-b-rerun,2026-09-16T13:19:01-04:00,2026-09-16T13:27:39-04:00,2026-09-16T13:19:02.480-04:00,2026-09-16T13:19:02.608-04:00,2026-09-16T13:19:02.685-04:00,0.077,2026-09-16T13:27:39.899-04:00,2026-09-16T13:19:53.994-04:00,2026-09-16T13:27:39.879-04:00,yes
deepseek-v4-flash-two-box/task-c-rerun,2026-09-16T13:27:40-04:00,2026-09-16T13:34:53-04:00,2026-09-16T13:27:40.702-04:00,2026-09-16T13:27:40.774-04:00,2026-09-16T13:27:40.849-04:00,0.075,2026-09-16T13:34:53.519-04:00,2026-09-16T13:28:32.249-04:00,2026-09-16T13:34:53.503-04:00,yes
